lati,long,zagl,Chemical,Release (lbs/year),YEAR,id
40.7889,-111.90441,30.5,CUMENE,64.0,1990,0
40.7889,-111.90441,30.5,NAPHTHALENE,24.0,1990,0
40.7889,-111.90441,30.5,BENZENE,6284.0,1990,0
40.7889,-111.90441,30.5,ETHYLBENZENE,1372.0,1990,0
41.10335,-112.03189,0.0,"SULFURIC ACID (1994 AND AFTER ACID AEROSOLS"" ONLY)""",250.0,1990,1
41.744977,-111.849247,0.0,"SULFURIC ACID (1994 AND AFTER ACID AEROSOLS"" ONLY)""",250.0,1990,2
41.20345,-111.98239,2.1,METHYL ISOBUTYL KETONE,9593.0,1990,3
41.20345,-111.98239,2.1,DICHLOROMETHANE,8537.0,1990,3
40.653604,-112.054074,22.5,"1,4-DIOXANE",32650.0,1990,4
40.653604,-112.054074,22.5,DICHLOROMETHANE,1419187.0,1990,4
40.67413,-111.92328,9.8,DI(2-ETHYLHEXYL) PHTHALATE,2993.0,1990,5
40.67413,-111.92328,9.8,DI(2-ETHYLHEXYL) PHTHALATE,2993.0,1990,5
40.67413,-111.92328,9.8,ETHYLENE OXIDE,3966.0,1990,5
40.67413,-111.92328,0.0,ETHYLENE OXIDE,2698.0,1990,6
41.093219,-112.028221,0.0,STYRENE,1769.0,1990,7
41.093219,-112.028221,0.0,DICHLOROMETHANE,36000.0,1990,7
40.668325,-112.091908,0.0,DICHLOROMETHANE,4933.0,1990,8
40.668325,-112.091908,0.0,"1,4-DIOXANE",224.0,1990,8
40.69384,-111.89586,0.0,DICHLOROMETHANE,250.0,1990,9
40.81676,-111.92468,0.0,NICKEL,250.0,1990,10
40.18577,-111.63096000000002,0.0,NICKEL,250.0,1990,11
40.76498,-111.91061,0.0,NICKEL,5.0,1990,12
40.74156,-111.95802,0.0,NICKEL,5.0,1990,13
41.744977,-111.849247,10.0,"SULFURIC ACID (1994 AND AFTER ACID AEROSOLS"" ONLY)""",1500.0,1990,14
40.72817,-111.88824,0.0,"SULFURIC ACID (1994 AND AFTER ACID AEROSOLS"" ONLY)""",250.0,1990,15
41.8825,-112.1964,33.0,LEAD,8362.0,1990,16
41.8825,-112.1964,33.0,CADMIUM,181.0,1990,16
41.8825,-112.1964,33.0,"SULFURIC ACID (1994 AND AFTER ACID AEROSOLS"" ONLY)""",133401.0,1990,16
40.78312,-111.95353,8.4,"SULFURIC ACID (1994 AND AFTER ACID AEROSOLS"" ONLY)""",250.0,1990,17
40.86631,-111.91187,18.1,BENZENE,250.0,1990,18
40.86631,-111.91187,18.1,"SULFURIC ACID (1994 AND AFTER ACID AEROSOLS"" ONLY)""",250.0,1990,18
40.86631,-111.91187,18.1,ETHYLBENZENE,5.0,1990,18
40.273497,-111.676065,10.1,"SULFURIC ACID (1994 AND AFTER ACID AEROSOLS"" ONLY)""",280.0,1990,19
40.73416,-111.958,11.0,NICKEL,5.0,1990,20
40.73416,-111.958,11.0,"SULFURIC ACID (1994 AND AFTER ACID AEROSOLS"" ONLY)""",250.0,1990,20
40.734036,-112.14104,36.7,"SULFURIC ACID (1994 AND AFTER ACID AEROSOLS"" ONLY)""",390000.0,1990,21
40.78202,-112.01349,10.1,"SULFURIC ACID (1994 AND AFTER ACID AEROSOLS"" ONLY)""",5.0,1990,22
40.74203,-111.94455,17.6,"SULFURIC ACID (1994 AND AFTER ACID AEROSOLS"" ONLY)""",250.0,1990,23
40.72803,-111.97521,11.0,"SULFURIC ACID (1994 AND AFTER ACID AEROSOLS"" ONLY)""",17.0,1990,24
40.668325,-112.091908,11.6,"SULFURIC ACID (1994 AND AFTER ACID AEROSOLS"" ONLY)""",2.0,1990,25
40.668325,-112.091908,11.6,DICHLOROMETHANE,5.0,1990,25
40.668325,-112.091908,11.6,"1,4-DIOXANE",1359.0,1990,25
40.726834,-112.186278,16.6,"SULFURIC ACID (1994 AND AFTER ACID AEROSOLS"" ONLY)""",5.0,1990,26
40.74546,-111.95802,9.1,"SULFURIC ACID (1994 AND AFTER ACID AEROSOLS"" ONLY)""",5.0,1990,27
40.72557000000001,-112.00081000000002,28.0,"SULFURIC ACID (1994 AND AFTER ACID AEROSOLS"" ONLY)""",5.0,1990,28
41.260369,-112.231233,11.8,"SULFURIC ACID (1994 AND AFTER ACID AEROSOLS"" ONLY)""",5.0,1990,29
41.260369,-112.231233,11.8,METHYL ISOBUTYL KETONE,250.0,1990,29
40.58775,-111.96951,12.5,"SULFURIC ACID (1994 AND AFTER ACID AEROSOLS"" ONLY)""",1863.0,1990,30
41.10335,-112.03189,9.1,"SULFURIC ACID (1994 AND AFTER ACID AEROSOLS"" ONLY)""",3600.0,1990,31
40.78312,-111.95353,0.0,"SULFURIC ACID (1994 AND AFTER ACID AEROSOLS"" ONLY)""",250.0,1990,32
40.273497,-111.676065,0.0,"SULFURIC ACID (1994 AND AFTER ACID AEROSOLS"" ONLY)""",750.0,1990,33
40.73416,-111.958,0.0,"SULFURIC ACID (1994 AND AFTER ACID AEROSOLS"" ONLY)""",5.0,1990,34
40.73516,-111.91114,8.8,METHYL ISOBUTYL KETONE,58602.0,1990,35
40.57565,-112.02104,7.0,METHYL ISOBUTYL KETONE,6989.0,1990,36
40.7523,-111.9045,9.1,METHYL ISOBUTYL KETONE,12800.0,1990,37
40.640035,-111.90184,0.8,METHYL ISOBUTYL KETONE,8200.0,1990,38
40.729392,-111.97442,11.0,DI(2-ETHYLHEXYL) PHTHALATE,5314.0,1990,39
40.729392,-111.97442,11.0,DI(2-ETHYLHEXYL) PHTHALATE,5314.0,1990,39
41.09394,-112.01698,16.6,"1,4-DIOXANE",2400.0,1990,40
41.663,-112.432,9.1,"1,4-DIOXANE",2600.0,1990,41
40.69384,-111.89586,15.2,STYRENE,24079.0,1990,42
40.736783,-111.96595,16.6,MOLYBDENUM TRIOXIDE,1254.0,1990,43
40.388555,-110.12491,0.0,NAPHTHALENE,53.0,1990,44
40.388555,-110.12491,0.0,CUMENE,100.0,1990,44
40.388555,-110.12491,0.0,ETHYLBENZENE,230.0,1990,44
40.388555,-110.12491,0.0,BENZENE,640.0,1990,44
40.297058,-111.734076,0.0,QUINOLINE,72.0,1990,45
40.297058,-111.734076,0.0,NAPHTHALENE,33555.0,1990,45
40.297058,-111.734076,0.0,STYRENE,203.0,1990,45
40.297058,-111.734076,0.0,BENZENE,84964.0,1990,45
40.8249,-111.9238,0.0,BENZENE,43000.0,1990,46
40.8249,-111.9238,0.0,"1,2-DIBROMOETHANE",250.0,1990,46
40.8249,-111.9238,0.0,NAPHTHALENE,10000.0,1990,46
40.8249,-111.9238,0.0,ETHYLBENZENE,12000.0,1990,46
40.8249,-111.9238,0.0,"SULFURIC ACID (1994 AND AFTER ACID AEROSOLS"" ONLY)""",250.0,1990,46
40.8249,-111.9238,0.0,"1,2-DICHLOROETHANE",1100.0,1990,46
40.7889,-111.90441,0.0,NAPHTHALENE,373.0,1990,47
40.7889,-111.90441,0.0,BENZENE,6770.0,1990,47
40.7889,-111.90441,0.0,"1,3-BUTADIENE",190.0,1990,47
40.7889,-111.90441,0.0,ETHYLBENZENE,4233.0,1990,47
40.7889,-111.90441,0.0,"SULFURIC ACID (1994 AND AFTER ACID AEROSOLS"" ONLY)""",250.0,1990,47
40.886022,-111.904759,0.0,ETHYLBENZENE,1244.0,1990,48
40.886022,-111.904759,0.0,BENZENE,5139.0,1990,48
40.886022,-111.904759,0.0,NAPHTHALENE,5.0,1990,48
40.915581,-112.734253,0.0,NAPHTHALENE,4600.0,1990,49
40.838386,-111.921443,0.0,NAPHTHALENE,255.0,1990,50
40.838386,-111.921443,0.0,BENZENE,1720.0,1990,50
40.838386,-111.921443,0.0,ETHYLBENZENE,1569.0,1990,50
40.233755,-111.658456,0.0,BENZENE,265.0,1990,51
40.233755,-111.658456,0.0,STYRENE,57.0,1990,51
40.233755,-111.658456,0.0,NAPHTHALENE,601.0,1990,51
40.233755,-111.658456,0.0,CREOSOTE,296.0,1990,51
40.734036,-112.14104,0.0,"SULFURIC ACID (1994 AND AFTER ACID AEROSOLS"" ONLY)""",20000.0,1990,52
40.78202,-112.01349,0.0,"SULFURIC ACID (1994 AND AFTER ACID AEROSOLS"" ONLY)""",250.0,1990,53
40.082042,-111.587953,0.0,"SULFURIC ACID (1994 AND AFTER ACID AEROSOLS"" ONLY)""",250.0,1990,54
40.74203,-111.94455,0.0,"SULFURIC ACID (1994 AND AFTER ACID AEROSOLS"" ONLY)""",5.0,1990,55
40.726834,-112.186278,0.0,"SULFURIC ACID (1994 AND AFTER ACID AEROSOLS"" ONLY)""",5.0,1990,56
40.74546,-111.95802,0.0,"SULFURIC ACID (1994 AND AFTER ACID AEROSOLS"" ONLY)""",5.0,1990,57
41.24197,-111.97843,14.5,"SULFURIC ACID (1994 AND AFTER ACID AEROSOLS"" ONLY)""",5.0,1990,58
40.72557000000001,-112.00081000000002,0.0,"SULFURIC ACID (1994 AND AFTER ACID AEROSOLS"" ONLY)""",5.0,1990,59
40.34431,-111.74253,0.0,"SULFURIC ACID (1994 AND AFTER ACID AEROSOLS"" ONLY)""",750.0,1990,60
40.58775,-111.96951,0.0,"SULFURIC ACID (1994 AND AFTER ACID AEROSOLS"" ONLY)""",532.0,1990,61
41.24197,-111.97843,0.0,"SULFURIC ACID (1994 AND AFTER ACID AEROSOLS"" ONLY)""",5.0,1990,62
40.70739,-111.89273,0.0,"SULFURIC ACID (1994 AND AFTER ACID AEROSOLS"" ONLY)""",250.0,1990,63
40.34431,-111.74253,9.1,LEAD,250.0,1990,64
41.20515,-112.01262,0.6,FORMALDEHYDE,250.0,1990,65
41.20515,-112.01262,0.6,METHYL ISOBUTYL KETONE,250.0,1990,65
41.260369,-112.231233,0.0,METHYL ISOBUTYL KETONE,750.0,1990,66
41.260369,-112.231233,0.0,"SULFURIC ACID (1994 AND AFTER ACID AEROSOLS"" ONLY)""",250.0,1990,66
40.70739,-111.89273,10.1,"SULFURIC ACID (1994 AND AFTER ACID AEROSOLS"" ONLY)""",250.0,1990,67
41.20345,-111.98239,0.0,DICHLOROMETHANE,7247.0,1990,68
41.20345,-111.98239,0.0,METHYL ISOBUTYL KETONE,3559.0,1990,68
41.663,-112.432,0.0,"1,4-DIOXANE",10000.0,1990,69
40.915581,-112.734253,76.2,NAPHTHALENE,4500.0,1990,70
40.74211,-111.95802,0.0,STYRENE,47678.0,1990,71
40.85952,-111.91183999999998,0.0,STYRENE,7500.0,1990,72
41.09394,-112.01698,0.0,"1,4-DIOXANE",9600.0,1990,73
40.653604,-112.054074,0.0,"1,4-DIOXANE",26.0,1990,74
40.388555,-110.12491,10.7,BENZENE,20000.0,1990,75
40.388555,-110.12491,10.7,ETHYLBENZENE,590.0,1990,75
40.388555,-110.12491,10.7,CUMENE,100.0,1990,75
40.388555,-110.12491,10.7,NAPHTHALENE,7.0,1990,75
40.838386,-111.921443,53.6,BENZENE,250.0,1990,76
40.838386,-111.921443,53.6,NAPHTHALENE,61.0,1990,76
40.838386,-111.921443,53.6,ETHYLBENZENE,250.0,1990,76
40.886022,-111.904759,15.8,BENZENE,746.0,1990,77
40.886022,-111.904759,15.8,ETHYLBENZENE,120.0,1990,77
40.886022,-111.904759,15.8,NAPHTHALENE,5.0,1990,77
40.71342,-111.8997,0.0,TETRACHLOROETHYLENE,10235.0,1990,78
40.233755,-111.658456,7.6,NAPHTHALENE,3004.0,1990,79
40.233755,-111.658456,7.6,CREOSOTE,1480.0,1990,79
40.233755,-111.658456,7.6,BENZENE,1326.0,1990,79
40.233755,-111.658456,7.6,STYRENE,263.0,1990,79
40.640035,-111.90184,0.0,METHYL ISOBUTYL KETONE,14100.0,1990,80
40.736783,-111.96595,0.0,MOLYBDENUM TRIOXIDE,291.0,1990,81
41.20515,-112.01262,0.0,FORMALDEHYDE,250.0,1990,82
41.20515,-112.01262,0.0,METHYL ISOBUTYL KETONE,250.0,1990,82
40.7523,-111.9045,0.0,METHYL ISOBUTYL KETONE,9400.0,1990,83
40.86631,-111.91187,0.0,ETHYLBENZENE,5.0,1990,84
40.86631,-111.91187,0.0,BENZENE,750.0,1990,84
40.8249,-111.9238,22.6,NAPHTHALENE,5.0,1990,85
40.8249,-111.9238,22.6,ETHYLBENZENE,1200.0,1990,85
40.8249,-111.9238,22.6,BENZENE,23000.0,1990,85
40.58775,-111.96951,0.0,"SULFURIC ACID (1994 AND AFTER ACID AEROSOLS"" ONLY)""",140.0,1991,86
40.886022,-111.904759,0.0,NAPHTHALENE,4.0,1991,87
40.886022,-111.904759,0.0,BENZENE,6000.0,1991,87
40.886022,-111.904759,0.0,ETHYLBENZENE,1200.0,1991,87
40.7889,-111.90441,0.0,"SULFURIC ACID (1994 AND AFTER ACID AEROSOLS"" ONLY)""",250.0,1991,88
40.7889,-111.90441,0.0,BENZENE,6300.0,1991,88
40.7889,-111.90441,0.0,ETHYLBENZENE,3700.0,1991,88
40.7889,-111.90441,0.0,NAPHTHALENE,440.0,1991,88
40.7889,-111.90441,0.0,"1,3-BUTADIENE",85.0,1991,88
40.233755,-111.658456,0.0,NAPHTHALENE,548.0,1991,89
40.233755,-111.658456,0.0,CREOSOTE,287.0,1991,89
40.233755,-111.658456,0.0,BENZENE,408.0,1991,89
40.233755,-111.658456,0.0,STYRENE,75.0,1991,89
40.74203,-111.94455,0.0,"SULFURIC ACID (1994 AND AFTER ACID AEROSOLS"" ONLY)""",5.0,1991,90
40.915581,-112.734253,0.0,NAPHTHALENE,3500.0,1991,91
40.838386,-111.921443,0.0,ETHYLBENZENE,2025.0,1991,92
40.838386,-111.921443,0.0,BENZENE,2125.0,1991,92
40.838386,-111.921443,0.0,NAPHTHALENE,321.0,1991,92
41.260369,-112.231233,0.0,METHYL ISOBUTYL KETONE,750.0,1991,93
41.260369,-112.231233,0.0,"SULFURIC ACID (1994 AND AFTER ACID AEROSOLS"" ONLY)""",5.0,1991,93
40.74211,-111.95802,0.0,STYRENE,39023.0,1991,94
40.85952,-111.91183999999998,0.0,STYRENE,5500.0,1991,95
41.20345,-111.98239,0.0,METHYL ISOBUTYL KETONE,3292.0,1991,96
40.297058,-111.734076,0.0,BENZENE,47181.0,1991,97
40.297058,-111.734076,0.0,NAPHTHALENE,25984.0,1991,97
40.297058,-111.734076,0.0,QUINOLINE,72.0,1991,97
40.297058,-111.734076,0.0,STYRENE,124.0,1991,97
40.51956,-111.89072,0.0,METHYL ISOBUTYL KETONE,694.0,1991,98
40.8249,-111.9238,0.0,"SULFURIC ACID (1994 AND AFTER ACID AEROSOLS"" ONLY)""",250.0,1991,99
40.8249,-111.9238,0.0,"1,2-DICHLOROETHANE",250.0,1991,99
40.8249,-111.9238,0.0,"1,2-DIBROMOETHANE",5.0,1991,99
40.8249,-111.9238,0.0,ETHYLBENZENE,13000.0,1991,99
40.8249,-111.9238,0.0,NAPHTHALENE,5500.0,1991,99
40.8249,-111.9238,0.0,BENZENE,21000.0,1991,99
40.260787,-111.707982,0.0,NICKEL,418.0,1991,100
40.726834,-112.186278,0.0,"SULFURIC ACID (1994 AND AFTER ACID AEROSOLS"" ONLY)""",5.0,1991,101
40.74800000000001,-111.958,0.0,NICKEL,5.0,1991,102
40.67413,-111.92328,0.0,ETHYLENE OXIDE,179.0,1991,103
40.77777800000001,-112.025,0.0,ETHYLENE OXIDE,915.0,1991,104
40.7889,-111.90441,30.5,ETHYLBENZENE,700.0,1991,105
40.7889,-111.90441,30.5,BENZENE,4400.0,1991,105
40.7889,-111.90441,30.5,NAPHTHALENE,50.0,1991,105
40.8249,-111.9238,22.6,BENZENE,19000.0,1991,106
40.8249,-111.9238,22.6,NAPHTHALENE,5.0,1991,106
40.8249,-111.9238,22.6,ETHYLBENZENE,1100.0,1991,106
40.668325,-112.091908,0.0,"1,4-DIOXANE",145.0,1991,107
40.668325,-112.091908,0.0,DICHLOROMETHANE,1831.0,1991,107
40.526461,-112.410368,0.0,DICHLOROMETHANE,58659.0,1991,108
40.69384,-111.89586,0.0,DICHLOROMETHANE,7950.0,1991,109
40.838386,-111.921443,53.6,BENZENE,479.0,1991,110
40.838386,-111.921443,53.6,NAPHTHALENE,70.0,1991,110
40.838386,-111.921443,53.6,ETHYLBENZENE,473.0,1991,110
40.233755,-111.658456,7.6,BENZENE,2040.0,1991,111
40.233755,-111.658456,7.6,STYRENE,376.0,1991,111
40.233755,-111.658456,7.6,CREOSOTE,1436.0,1991,111
40.233755,-111.658456,7.6,NAPHTHALENE,2742.0,1991,111
40.734036,-112.14104,0.0,"SULFURIC ACID (1994 AND AFTER ACID AEROSOLS"" ONLY)""",21000.0,1991,112
40.653604,-112.054074,22.5,DICHLOROMETHANE,1154552.0,1991,113
40.653604,-112.054074,22.5,"1,4-DIOXANE",26384.0,1991,113
41.663,-112.432,0.0,"1,4-DIOXANE",4000.0,1991,114
41.663,-112.432,0.0,"1,4-DIOXANE",4000.0,1991,114
41.09394,-112.01698,0.0,"1,4-DIOXANE",9600.0,1991,115
41.09394,-112.01698,0.0,"1,4-DIOXANE",9600.0,1991,115
40.76498,-111.91061,0.0,NICKEL,5.0,1991,116
40.18577,-111.63096000000002,0.0,NICKEL,110.0,1991,117
40.81676,-111.92468,0.0,NICKEL,250.0,1991,118
40.388555,-110.12491,0.0,CUMENE,110.0,1991,119
40.388555,-110.12491,0.0,ETHYLBENZENE,230.0,1991,119
40.388555,-110.12491,0.0,BENZENE,760.0,1991,119
40.388555,-110.12491,0.0,NAPHTHALENE,50.0,1991,119
40.67413,-111.92328,9.8,DI(2-ETHYLHEXYL) PHTHALATE,506.0,1991,120
40.67413,-111.92328,9.8,ETHYLENE OXIDE,4424.0,1991,120
40.67413,-111.92328,9.8,DI(2-ETHYLHEXYL) PHTHALATE,506.0,1991,120
40.7523,-111.9045,0.0,METHYL ISOBUTYL KETONE,2700.0,1991,121
40.273497,-111.676065,10.1,"SULFURIC ACID (1994 AND AFTER ACID AEROSOLS"" ONLY)""",250.0,1991,122
37.115022,-113.51761100000002,17.6,"SULFURIC ACID (1994 AND AFTER ACID AEROSOLS"" ONLY)""",250.0,1991,123
40.72803,-111.97521,11.0,"SULFURIC ACID (1994 AND AFTER ACID AEROSOLS"" ONLY)""",5.0,1991,124
40.70739,-111.89273,10.1,"SULFURIC ACID (1994 AND AFTER ACID AEROSOLS"" ONLY)""",5.0,1991,125
40.58775,-111.96951,12.5,"SULFURIC ACID (1994 AND AFTER ACID AEROSOLS"" ONLY)""",1900.0,1991,126
40.74203,-111.94455,17.6,"SULFURIC ACID (1994 AND AFTER ACID AEROSOLS"" ONLY)""",250.0,1991,127
41.260369,-112.231233,11.8,METHYL ISOBUTYL KETONE,250.0,1991,128
41.260369,-112.231233,11.8,"SULFURIC ACID (1994 AND AFTER ACID AEROSOLS"" ONLY)""",5.0,1991,128
40.726834,-112.186278,16.6,"SULFURIC ACID (1994 AND AFTER ACID AEROSOLS"" ONLY)""",5.0,1991,129
40.73416,-111.958,11.0,NICKEL,5.0,1991,130
40.73416,-111.958,11.0,"SULFURIC ACID (1994 AND AFTER ACID AEROSOLS"" ONLY)""",250.0,1991,130
40.734036,-112.14104,36.7,"SULFURIC ACID (1994 AND AFTER ACID AEROSOLS"" ONLY)""",240000.0,1991,131
40.7523,-111.9045,9.1,METHYL ISOBUTYL KETONE,8100.0,1991,132
40.71342,-111.8997,0.0,TETRACHLOROETHYLENE,8700.0,1991,133
40.57565,-112.02104,7.0,METHYL ISOBUTYL KETONE,18291.0,1991,134
41.20345,-111.98239,2.1,METHYL ISOBUTYL KETONE,8834.0,1991,135
40.736783,-111.96595,0.0,MOLYBDENUM TRIOXIDE,250.0,1991,136
40.51956,-111.89072,8.2,METHYL ISOBUTYL KETONE,6251.0,1991,137
40.73516,-111.91114,8.8,METHYL ISOBUTYL KETONE,47544.0,1991,138
40.86631,-111.91187,0.0,BENZENE,750.0,1991,139
40.86631,-111.91187,0.0,ETHYLBENZENE,5.0,1991,139
40.388555,-110.12491,10.7,NAPHTHALENE,4.0,1991,140
40.388555,-110.12491,10.7,BENZENE,11000.0,1991,140
40.388555,-110.12491,10.7,ETHYLBENZENE,400.0,1991,140
40.388555,-110.12491,10.7,CUMENE,130.0,1991,140
40.86631,-111.91187,18.1,"SULFURIC ACID (1994 AND AFTER ACID AEROSOLS"" ONLY)""",250.0,1991,141
40.86631,-111.91187,18.1,BENZENE,250.0,1991,141
40.86631,-111.91187,18.1,ETHYLBENZENE,5.0,1991,141
41.10335,-112.03189,9.1,"SULFURIC ACID (1994 AND AFTER ACID AEROSOLS"" ONLY)""",3000.0,1991,142
40.78312,-111.95353,8.4,"SULFURIC ACID (1994 AND AFTER ACID AEROSOLS"" ONLY)""",250.0,1991,143
40.736783,-111.96595,16.6,MOLYBDENUM TRIOXIDE,250.0,1991,144
40.77777800000001,-112.025,12.4,ETHYLENE OXIDE,3406.0,1991,145
40.886022,-111.904759,15.8,BENZENE,800.0,1991,146
40.886022,-111.904759,15.8,ETHYLBENZENE,200.0,1991,146
40.886022,-111.904759,15.8,NAPHTHALENE,1.0,1991,146
41.8825,-112.1964,0.0,LEAD,2431.0,1991,147
40.69384,-111.89586,15.2,STYRENE,14193.0,1991,148
40.199753,-111.631752,13.7,NICKEL,5.0,1991,149
41.09394,-112.01698,16.6,"1,4-DIOXANE",2400.0,1991,150
41.09394,-112.01698,16.6,"1,4-DIOXANE",2400.0,1991,150
41.663,-112.432,9.1,"1,4-DIOXANE",1000.0,1991,151
41.663,-112.432,9.1,"1,4-DIOXANE",1000.0,1991,151
40.70739,-111.89273,0.0,"SULFURIC ACID (1994 AND AFTER ACID AEROSOLS"" ONLY)""",5.0,1991,152
40.72803,-111.97521,0.0,"SULFURIC ACID (1994 AND AFTER ACID AEROSOLS"" ONLY)""",5.0,1991,153
40.34431,-111.74253,0.0,"SULFURIC ACID (1994 AND AFTER ACID AEROSOLS"" ONLY)""",927.0,1991,154
40.729392,-111.97442,11.0,DI(2-ETHYLHEXYL) PHTHALATE,2500.0,1991,155
40.729392,-111.97442,11.0,DI(2-ETHYLHEXYL) PHTHALATE,2500.0,1991,155
41.093219,-112.028221,0.0,STYRENE,966.0,1991,156
41.093219,-112.028221,0.0,DICHLOROMETHANE,24000.0,1991,156
41.093219,-112.028221,0.0,"SULFURIC ACID (1994 AND AFTER ACID AEROSOLS"" ONLY)""",250.0,1991,156
40.273497,-111.676065,0.0,"SULFURIC ACID (1994 AND AFTER ACID AEROSOLS"" ONLY)""",750.0,1991,157
40.73416,-111.958,0.0,"SULFURIC ACID (1994 AND AFTER ACID AEROSOLS"" ONLY)""",5.0,1991,158
41.10335,-112.03189,0.0,"SULFURIC ACID (1994 AND AFTER ACID AEROSOLS"" ONLY)""",250.0,1991,159
40.78312,-111.95353,0.0,"SULFURIC ACID (1994 AND AFTER ACID AEROSOLS"" ONLY)""",250.0,1991,160
41.744977,-111.849247,10.0,LEAD,250.0,1991,161
41.744977,-111.849247,10.0,"SULFURIC ACID (1994 AND AFTER ACID AEROSOLS"" ONLY)""",1500.0,1991,161
41.8825,-112.1964,33.0,"SULFURIC ACID (1994 AND AFTER ACID AEROSOLS"" ONLY)""",19058.0,1991,162
41.8825,-112.1964,33.0,CADMIUM,111.0,1991,162
41.8825,-112.1964,33.0,LEAD,3662.0,1991,162
40.668325,-112.091908,11.6,DICHLOROMETHANE,13426.0,1991,163
40.668325,-112.091908,11.6,"1,4-DIOXANE",893.0,1991,163
40.915581,-112.734253,76.2,NAPHTHALENE,3400.0,1991,164
40.199753,-111.631752,13.7,NICKEL,5.0,1992,165
40.640035,-111.90184,0.0,METHYL ISOBUTYL KETONE,7300.0,1992,166
41.1016,-112.022469,15.2,NICKEL,250.0,1992,167
40.74800000000001,-111.958,12.2,NICKEL,5.0,1992,168
41.20345,-111.98239,0.0,METHYL ISOBUTYL KETONE,2084.0,1992,169
40.51956,-111.89072,0.0,METHYL ISOBUTYL KETONE,783.0,1992,170
41.8825,-112.1964,0.0,LEAD,3973.0,1992,171
40.838386,-111.921443,53.6,NAPHTHALENE,48.0,1992,172
40.838386,-111.921443,53.6,BENZENE,393.0,1992,172
40.838386,-111.921443,53.6,ETHYLBENZENE,355.0,1992,172
40.388555,-110.12491,10.7,CUMENE,200.0,1992,173
40.388555,-110.12491,10.7,NAPHTHALENE,44.0,1992,173
40.388555,-110.12491,10.7,ETHYLBENZENE,270.0,1992,173
40.388555,-110.12491,10.7,BENZENE,3500.0,1992,173
41.20345,-111.98239,2.1,METHYL ISOBUTYL KETONE,7735.0,1992,174
40.51956,-111.89072,8.2,METHYL ISOBUTYL KETONE,7043.0,1992,175
40.67413,-111.92328,9.8,DI(2-ETHYLHEXYL) PHTHALATE,507.0,1992,176
40.67413,-111.92328,9.8,DI(2-ETHYLHEXYL) PHTHALATE,507.0,1992,176
40.729392,-111.97442,11.0,DI(2-ETHYLHEXYL) PHTHALATE,548.0,1992,177
40.729392,-111.97442,11.0,DI(2-ETHYLHEXYL) PHTHALATE,548.0,1992,177
40.73516,-111.91114,8.8,METHYL ISOBUTYL KETONE,32437.0,1992,178
41.09394,-112.01698,16.6,"1,4-DIOXANE",2200.0,1992,179
41.663,-112.432,9.1,"1,4-DIOXANE",1600.0,1992,180
40.85952,-111.91183999999998,0.0,STYRENE,2800.0,1992,181
40.8461,-111.92662,10.7,STYRENE,5.0,1992,182
40.69384,-111.89586,15.2,STYRENE,16874.0,1992,183
40.736783,-111.96595,16.6,MOLYBDENUM TRIOXIDE,477.0,1992,184
40.8461,-111.92662,0.0,STYRENE,2900.0,1992,185
40.74211,-111.95802,0.0,STYRENE,31860.0,1992,186
40.388555,-110.12491,0.0,ETHYLBENZENE,1400.0,1992,187
40.388555,-110.12491,0.0,BENZENE,2400.0,1992,187
40.388555,-110.12491,0.0,NAPHTHALENE,1400.0,1992,187
40.388555,-110.12491,0.0,CUMENE,600.0,1992,187
40.6791,-111.8883,0.0,STYRENE,9485.0,1992,188
40.297058,-111.734076,0.0,STYRENE,51.0,1992,189
40.297058,-111.734076,0.0,BENZENE,7454.0,1992,189
40.297058,-111.734076,0.0,NAPHTHALENE,1525.0,1992,189
40.297058,-111.734076,0.0,QUINOLINE,11.0,1992,189
40.58775,-111.96951,0.0,"SULFURIC ACID (1994 AND AFTER ACID AEROSOLS"" ONLY)""",130.0,1992,190
40.8249,-111.9238,0.0,ETHYLBENZENE,3200.0,1992,191
40.8249,-111.9238,0.0,NAPHTHALENE,750.0,1992,191
40.8249,-111.9238,0.0,"SULFURIC ACID (1994 AND AFTER ACID AEROSOLS"" ONLY)""",250.0,1992,191
40.8249,-111.9238,0.0,"1,2-DIBROMOETHANE",250.0,1992,191
40.8249,-111.9238,0.0,BENZENE,4800.0,1992,191
40.8249,-111.9238,0.0,"1,2-DICHLOROETHANE",250.0,1992,191
40.86631,-111.91187,18.1,ETHYLBENZENE,5.0,1992,192
40.86631,-111.91187,18.1,BENZENE,250.0,1992,192
40.7889,-111.90441,30.5,ETHYLBENZENE,28.0,1992,193
40.7889,-111.90441,30.5,BENZENE,1300.0,1992,193
40.886022,-111.904759,0.0,NAPHTHALENE,1.0,1992,194
40.886022,-111.904759,0.0,BENZENE,370.0,1992,194
40.886022,-111.904759,0.0,ETHYLBENZENE,100.0,1992,194
40.838386,-111.921443,0.0,NAPHTHALENE,516.0,1992,195
40.838386,-111.921443,0.0,BENZENE,4071.0,1992,195
40.838386,-111.921443,0.0,ETHYLBENZENE,3477.0,1992,195
40.233755,-111.658456,0.0,BENZENE,230.0,1992,196
40.233755,-111.658456,0.0,NAPHTHALENE,120.0,1992,196
40.233755,-111.658456,0.0,CREOSOTE,440.0,1992,196
40.233755,-111.658456,0.0,STYRENE,61.0,1992,196
40.8249,-111.9238,22.6,NAPHTHALENE,5.0,1992,197
40.8249,-111.9238,22.6,BENZENE,19000.0,1992,197
40.8249,-111.9238,22.6,ETHYLBENZENE,1000.0,1992,197
41.20515,-112.01262,0.6,FORMALDEHYDE,1069.0,1992,198
41.20515,-112.01262,0.6,NAPHTHALENE,5337.0,1992,198
40.886022,-111.904759,15.8,NAPHTHALENE,1.0,1992,199
40.886022,-111.904759,15.8,BENZENE,1156.0,1992,199
40.886022,-111.904759,15.8,ETHYLBENZENE,400.0,1992,199
40.233755,-111.658456,7.6,STYRENE,305.0,1992,200
40.233755,-111.658456,7.6,CREOSOTE,2200.0,1992,200
40.233755,-111.658456,7.6,NAPHTHALENE,600.0,1992,200
40.233755,-111.658456,7.6,BENZENE,1150.0,1992,200
40.734036,-112.14104,0.0,"SULFURIC ACID (1994 AND AFTER ACID AEROSOLS"" ONLY)""",22000.0,1992,201
40.78312,-111.95353,0.0,"SULFURIC ACID (1994 AND AFTER ACID AEROSOLS"" ONLY)""",250.0,1992,202
40.78149000000001,-112.03622,0.0,"SULFURIC ACID (1994 AND AFTER ACID AEROSOLS"" ONLY)""",250.0,1992,203
40.78149000000001,-112.03622,0.0,FORMALDEHYDE,250.0,1992,203
41.09394,-112.01698,0.0,"1,4-DIOXANE",8800.0,1992,204
41.663,-112.432,0.0,"1,4-DIOXANE",6500.0,1992,205
40.76498,-111.91061,0.0,NICKEL,5.0,1992,206
40.81676,-111.92468,0.0,NICKEL,250.0,1992,207
40.18577,-111.63096000000002,0.0,NICKEL,119.0,1992,208
40.22424,-111.64927,0.0,NICKEL,5.0,1992,209
40.76511,-111.92799,0.0,NICKEL,250.0,1992,210
40.74800000000001,-111.958,0.0,NICKEL,5.0,1992,211
41.1016,-112.022469,0.0,NICKEL,250.0,1992,212
40.70739,-111.89273,0.0,"SULFURIC ACID (1994 AND AFTER ACID AEROSOLS"" ONLY)""",5.0,1992,213
41.28534000000001,-112.02797,0.0,NICKEL,934.0,1992,214
40.78238,-111.9042,0.0,NICKEL,250.0,1992,215
41.744977,-111.849247,10.0,"SULFURIC ACID (1994 AND AFTER ACID AEROSOLS"" ONLY)""",1600.0,1992,216
41.744977,-111.849247,10.0,LEAD,250.0,1992,216
41.8825,-112.1964,33.0,LEAD,7.0,1992,217
41.8825,-112.1964,33.0,"SULFURIC ACID (1994 AND AFTER ACID AEROSOLS"" ONLY)""",18909.0,1992,217
40.78312,-111.95353,8.4,"SULFURIC ACID (1994 AND AFTER ACID AEROSOLS"" ONLY)""",250.0,1992,218
41.10335,-112.03189,9.1,"SULFURIC ACID (1994 AND AFTER ACID AEROSOLS"" ONLY)""",21.0,1992,219
40.315185,-111.735274,16.6,"SULFURIC ACID (1994 AND AFTER ACID AEROSOLS"" ONLY)""",5.0,1992,220
40.86631,-111.91187,0.0,ETHYLBENZENE,5.0,1992,221
40.86631,-111.91187,0.0,BENZENE,1300.0,1992,221
40.736783,-111.96595,0.0,MOLYBDENUM TRIOXIDE,174.0,1992,222
40.71342,-111.8997,0.0,TETRACHLOROETHYLENE,29040.0,1992,223
40.58775,-111.96951,12.5,"SULFURIC ACID (1994 AND AFTER ACID AEROSOLS"" ONLY)""",1700.0,1992,224
40.78202,-112.01349,10.1,"SULFURIC ACID (1994 AND AFTER ACID AEROSOLS"" ONLY)""",2.0,1992,225
40.734036,-112.14104,36.7,"SULFURIC ACID (1994 AND AFTER ACID AEROSOLS"" ONLY)""",200000.0,1992,226
40.69384,-111.89586,0.0,DICHLOROMETHANE,11050.0,1992,227
40.70739,-111.89273,10.1,"SULFURIC ACID (1994 AND AFTER ACID AEROSOLS"" ONLY)""",5.0,1992,228
41.260369,-112.231233,11.8,"SULFURIC ACID (1994 AND AFTER ACID AEROSOLS"" ONLY)""",5.0,1992,229
41.260369,-112.231233,11.8,METHYL ISOBUTYL KETONE,250.0,1992,229
40.74203,-111.94455,17.6,"SULFURIC ACID (1994 AND AFTER ACID AEROSOLS"" ONLY)""",250.0,1992,230
40.726834,-112.186278,16.6,"SULFURIC ACID (1994 AND AFTER ACID AEROSOLS"" ONLY)""",5.0,1992,231
37.115022,-113.51761100000002,17.6,"SULFURIC ACID (1994 AND AFTER ACID AEROSOLS"" ONLY)""",5.0,1992,232
40.73416,-111.958,11.0,"SULFURIC ACID (1994 AND AFTER ACID AEROSOLS"" ONLY)""",10.0,1992,233
40.73416,-111.958,11.0,NICKEL,2.0,1992,233
40.273497,-111.676065,10.1,"SULFURIC ACID (1994 AND AFTER ACID AEROSOLS"" ONLY)""",250.0,1992,234
40.78149000000001,-112.03622,10.8,NICKEL,5.0,1992,235
40.78149000000001,-112.03622,10.8,FORMALDEHYDE,250.0,1992,235
40.78149000000001,-112.03622,10.8,LEAD,5.0,1992,235
40.78149000000001,-112.03622,10.8,"SULFURIC ACID (1994 AND AFTER ACID AEROSOLS"" ONLY)""",750.0,1992,235
40.668325,-112.091908,0.0,DICHLOROMETHANE,455.0,1992,236
40.668325,-112.091908,0.0,"1,4-DIOXANE",174.0,1992,236
40.260787,-111.707982,0.0,NICKEL,250.0,1992,237
40.57565,-112.02104,7.0,METHYL ISOBUTYL KETONE,16703.0,1992,238
40.653604,-112.054074,22.5,DICHLOROMETHANE,1251308.0,1992,239
40.653604,-112.054074,22.5,"1,4-DIOXANE",29868.0,1992,239
40.668325,-112.091908,11.6,DICHLOROMETHANE,12791.0,1992,240
40.668325,-112.091908,11.6,"1,4-DIOXANE",1568.0,1992,240
41.093219,-112.028221,9.1,STYRENE,778.0,1992,241
41.093219,-112.028221,9.1,DICHLOROMETHANE,19980.0,1992,241
41.10335,-112.03189,0.0,"SULFURIC ACID (1994 AND AFTER ACID AEROSOLS"" ONLY)""",5.0,1992,242
40.315185,-111.735274,0.0,"SULFURIC ACID (1994 AND AFTER ACID AEROSOLS"" ONLY)""",5.0,1992,243
40.273497,-111.676065,0.0,"SULFURIC ACID (1994 AND AFTER ACID AEROSOLS"" ONLY)""",750.0,1992,244
41.093219,-112.028221,0.0,DICHLOROMETHANE,2220.0,1992,245
41.093219,-112.028221,0.0,STYRENE,2115.0,1992,245
41.093219,-112.028221,0.0,STYRENE,87.0,1992,245
41.093219,-112.028221,0.0,"SULFURIC ACID (1994 AND AFTER ACID AEROSOLS"" ONLY)""",250.0,1992,245
40.7889,-111.90441,0.0,ETHYLBENZENE,2500.0,1992,246
40.7889,-111.90441,0.0,BENZENE,5200.0,1992,246
40.7889,-111.90441,0.0,"SULFURIC ACID (1994 AND AFTER ACID AEROSOLS"" ONLY)""",510.0,1992,246
40.7889,-111.90441,0.0,"1,3-BUTADIENE",120.0,1992,246
40.913088,-111.890397,0.0,"SULFURIC ACID (1994 AND AFTER ACID AEROSOLS"" ONLY)""",5.0,1992,247
40.640035,-111.90184,0.8,METHYL ISOBUTYL KETONE,4200.0,1992,248
40.34431,-111.74253,0.0,"SULFURIC ACID (1994 AND AFTER ACID AEROSOLS"" ONLY)""",927.0,1992,249
40.726834,-112.186278,0.0,"SULFURIC ACID (1994 AND AFTER ACID AEROSOLS"" ONLY)""",5.0,1992,250
40.74203,-111.94455,0.0,"SULFURIC ACID (1994 AND AFTER ACID AEROSOLS"" ONLY)""",5.0,1992,251
41.260369,-112.231233,0.0,METHYL ISOBUTYL KETONE,750.0,1992,252
41.260369,-112.231233,0.0,"SULFURIC ACID (1994 AND AFTER ACID AEROSOLS"" ONLY)""",5.0,1992,252
40.8461,-111.92662,10.7,STYRENE,5.0,1993,253
40.78149000000001,-112.03622,0.0,"SULFURIC ACID (1994 AND AFTER ACID AEROSOLS"" ONLY)""",250.0,1993,254
40.78149000000001,-112.03622,0.0,FORMALDEHYDE,250.0,1993,254
40.734036,-112.14104,0.0,"SULFURIC ACID (1994 AND AFTER ACID AEROSOLS"" ONLY)""",21000.0,1993,255
37.794865,-113.112675,0.0,"SULFURIC ACID (1994 AND AFTER ACID AEROSOLS"" ONLY)""",250.0,1993,256
41.260369,-112.231233,0.0,METHYL ISOBUTYL KETONE,750.0,1993,257
41.260369,-112.231233,0.0,"SULFURIC ACID (1994 AND AFTER ACID AEROSOLS"" ONLY)""",250.0,1993,257
41.104055,-112.030719,11.6,"4,4'-METHYLENEDIANILINE",23.0,1993,258
40.73516,-111.91114,8.8,METHYL ISOBUTYL KETONE,16756.0,1993,259
40.74578,-111.96385,8.2,METHYL ISOBUTYL KETONE,12922.0,1993,260
40.57565,-112.02104,7.0,METHYL ISOBUTYL KETONE,15825.0,1993,261
40.640035,-111.90184,0.8,METHYL ISOBUTYL KETONE,5420.0,1993,262
40.74211,-111.95802,0.0,STYRENE,44636.0,1993,263
40.85952,-111.91183999999998,0.0,STYRENE,4700.0,1993,264
40.34431,-111.74253,0.0,"SULFURIC ACID (1994 AND AFTER ACID AEROSOLS"" ONLY)""",934.0,1993,265
40.86631,-111.91187,0.0,BENZENE,1600.0,1993,266
40.86631,-111.91187,0.0,ETHYLBENZENE,5.0,1993,266
40.726834,-112.186278,0.0,"SULFURIC ACID (1994 AND AFTER ACID AEROSOLS"" ONLY)""",5.0,1993,267
41.260369,-112.231233,11.8,METHYL ISOBUTYL KETONE,250.0,1993,268
40.736783,-111.96595,0.0,MOLYBDENUM TRIOXIDE,73.0,1993,269
40.6791,-111.8883,0.0,STYRENE,11518.0,1993,270
40.71342,-111.8997,0.0,TETRACHLOROETHYLENE,3808.0,1993,271
40.72817,-111.88824,0.0,TETRACHLOROETHYLENE,1100.0,1993,272
40.8461,-111.92662,0.0,STYRENE,2900.0,1993,273
40.7523,-111.9045,9.1,METHYL ISOBUTYL KETONE,12600.0,1993,274
40.653604,-112.054074,0.0,"1,4-DIOXANE",44.0,1993,275
40.69384,-111.89586,15.2,STYRENE,22295.0,1993,276
40.7889,-111.90441,0.0,BENZENE,5700.0,1993,277
40.7889,-111.90441,0.0,"1,3-BUTADIENE",150.0,1993,277
40.7889,-111.90441,0.0,ETHYLBENZENE,2500.0,1993,277
40.7889,-111.90441,0.0,"SULFURIC ACID (1994 AND AFTER ACID AEROSOLS"" ONLY)""",58.0,1993,277
41.876796,-112.191024,0.0,"SULFURIC ACID (1994 AND AFTER ACID AEROSOLS"" ONLY)""",6.0,1993,278
41.093219,-112.028221,0.0,"SULFURIC ACID (1994 AND AFTER ACID AEROSOLS"" ONLY)""",250.0,1993,279
41.093219,-112.028221,0.0,STYRENE,3314.0,1993,279
41.093219,-112.028221,0.0,STYRENE,4102.0,1993,279
40.273497,-111.676065,0.0,"SULFURIC ACID (1994 AND AFTER ACID AEROSOLS"" ONLY)""",250.0,1993,280
40.315185,-111.735274,0.0,"SULFURIC ACID (1994 AND AFTER ACID AEROSOLS"" ONLY)""",5.0,1993,281
41.10335,-112.03189,0.0,"SULFURIC ACID (1994 AND AFTER ACID AEROSOLS"" ONLY)""",5.0,1993,282
40.69384,-111.89586,0.0,DICHLOROMETHANE,7924.0,1993,283
40.668325,-112.091908,0.0,"1,4-DIOXANE",164.0,1993,284
40.668325,-112.091908,0.0,DICHLOROMETHANE,2035.0,1993,284
40.8249,-111.9238,0.0,NAPHTHALENE,250.0,1993,285
40.8249,-111.9238,0.0,"SULFURIC ACID (1994 AND AFTER ACID AEROSOLS"" ONLY)""",250.0,1993,285
40.8249,-111.9238,0.0,BENZENE,1100.0,1993,285
40.8249,-111.9238,0.0,TETRACHLOROETHYLENE,250.0,1993,285
40.8249,-111.9238,0.0,"1,2-DICHLOROETHANE",250.0,1993,285
40.8249,-111.9238,0.0,"1,2-DIBROMOETHANE",250.0,1993,285
40.8249,-111.9238,0.0,ETHYLBENZENE,750.0,1993,285
40.886022,-111.904759,0.0,ETHYLBENZENE,250.0,1993,286
40.886022,-111.904759,0.0,BENZENE,250.0,1993,286
40.886022,-111.904759,0.0,NAPHTHALENE,5.0,1993,286
40.838386,-111.921443,0.0,NAPHTHALENE,516.0,1993,287
40.838386,-111.921443,0.0,BENZENE,4099.0,1993,287
40.838386,-111.921443,0.0,ETHYLBENZENE,3532.0,1993,287
40.51956,-111.89072,0.0,ETHYLBENZENE,37.0,1993,288
40.51956,-111.89072,0.0,METHYL ISOBUTYL KETONE,62.0,1993,288
40.51956,-111.89072,0.0,NAPHTHALENE,1.0,1993,288
40.233755,-111.658456,0.0,BENZENE,240.0,1993,289
40.233755,-111.658456,0.0,CREOSOTE,320.0,1993,289
40.233755,-111.658456,0.0,NAPHTHALENE,360.0,1993,289
40.233755,-111.658456,0.0,STYRENE,50.0,1993,289
40.77777800000001,-112.025,0.0,ETHYLENE OXIDE,3002.0,1993,290
41.663,-112.432,0.0,"1,4-DIOXANE",6900.0,1993,291
40.74203,-111.94455,0.0,"SULFURIC ACID (1994 AND AFTER ACID AEROSOLS"" ONLY)""",5.0,1993,292
40.78238,-111.9042,0.0,NICKEL,250.0,1993,293
40.70739,-111.89273,0.0,"SULFURIC ACID (1994 AND AFTER ACID AEROSOLS"" ONLY)""",5.0,1993,294
40.7523,-111.9045,0.0,METHYL ISOBUTYL KETONE,500.0,1993,295
40.73416,-111.958,0.0,NICKEL,5.0,1993,296
41.28534000000001,-112.02797,0.0,NICKEL,934.0,1993,297
40.260787,-111.707982,0.0,NICKEL,250.0,1993,298
40.388555,-110.12491,0.0,NAPHTHALENE,40.0,1993,299
40.388555,-110.12491,0.0,BENZENE,2300.0,1993,299
40.388555,-110.12491,0.0,ETHYLBENZENE,74.0,1993,299
40.388555,-110.12491,0.0,CUMENE,14.0,1993,299
40.76498,-111.91061,0.0,NICKEL,5.0,1993,300
40.76511,-111.92799,0.0,NICKEL,250.0,1993,301
40.71326,-111.91711,0.0,NICKEL,250.0,1993,302
40.297058,-111.734076,0.0,STYRENE,44.0,1993,303
40.297058,-111.734076,0.0,BENZENE,6250.0,1993,303
40.297058,-111.734076,0.0,LEAD,14.0,1993,303
40.297058,-111.734076,0.0,"SULFURIC ACID (1994 AND AFTER ACID AEROSOLS"" ONLY)""",38.0,1993,303
40.297058,-111.734076,0.0,NICKEL,24.0,1993,303
40.297058,-111.734076,0.0,QUINOLINE,9.0,1993,303
40.297058,-111.734076,0.0,NAPHTHALENE,1386.0,1993,303
40.18577,-111.63096000000002,0.0,NICKEL,177.0,1993,304
40.81676,-111.92468,0.0,NICKEL,3109.0,1993,305
40.74800000000001,-111.958,0.0,NICKEL,2.0,1993,306
40.129722,-111.644444,0.0,"SULFURIC ACID (1994 AND AFTER ACID AEROSOLS"" ONLY)""",5.0,1993,307
41.104055,-112.030719,0.0,"4,4'-METHYLENEDIANILINE",23.0,1993,308
40.640035,-111.90184,0.0,METHYL ISOBUTYL KETONE,9242.0,1993,309
40.74546,-111.95802,0.0,"SULFURIC ACID (1994 AND AFTER ACID AEROSOLS"" ONLY)""",5.0,1993,310
40.58775,-111.96951,0.0,"SULFURIC ACID (1994 AND AFTER ACID AEROSOLS"" ONLY)""",130.0,1993,311
41.8825,-112.1964,0.0,NICKEL,41.0,1993,312
41.8825,-112.1964,0.0,LEAD,457.0,1993,312
40.74169000000001,-111.90767,0.0,"2,4-D",1.0,1993,313
40.51956,-111.89072,8.2,ETHYLBENZENE,699.0,1993,314
40.51956,-111.89072,8.2,METHYL ISOBUTYL KETONE,3852.0,1993,314
40.51956,-111.89072,8.2,NAPHTHALENE,16.0,1993,314
40.74546,-111.95802,9.1,"SULFURIC ACID (1994 AND AFTER ACID AEROSOLS"" ONLY)""",250.0,1993,315
40.233755,-111.658456,7.6,CREOSOTE,1600.0,1993,316
40.233755,-111.658456,7.6,NAPHTHALENE,1800.0,1993,316
40.233755,-111.658456,7.6,STYRENE,247.0,1993,316
40.233755,-111.658456,7.6,BENZENE,1200.0,1993,316
40.58775,-111.96951,12.5,"SULFURIC ACID (1994 AND AFTER ACID AEROSOLS"" ONLY)""",1800.0,1993,317
40.70739,-111.89273,10.1,"SULFURIC ACID (1994 AND AFTER ACID AEROSOLS"" ONLY)""",5.0,1993,318
40.653604,-112.054074,22.5,"1,4-DIOXANE",22435.0,1993,319
40.653604,-112.054074,22.5,DICHLOROMETHANE,1080003.0,1993,319
40.668325,-112.091908,11.6,"1,4-DIOXANE",1474.0,1993,320
40.668325,-112.091908,11.6,DICHLOROMETHANE,11897.0,1993,320
40.74203,-111.94455,17.6,"SULFURIC ACID (1994 AND AFTER ACID AEROSOLS"" ONLY)""",250.0,1993,321
41.876796,-112.191024,17.8,"SULFURIC ACID (1994 AND AFTER ACID AEROSOLS"" ONLY)""",6.0,1993,322
40.86631,-111.91187,18.1,ETHYLBENZENE,5.0,1993,323
40.86631,-111.91187,18.1,BENZENE,250.0,1993,323
41.093219,-112.028221,12.2,"SULFURIC ACID (1994 AND AFTER ACID AEROSOLS"" ONLY)""",250.0,1993,324
37.115022,-113.51761100000002,17.6,"SULFURIC ACID (1994 AND AFTER ACID AEROSOLS"" ONLY)""",5.0,1993,325
40.273497,-111.676065,10.1,"SULFURIC ACID (1994 AND AFTER ACID AEROSOLS"" ONLY)""",5.0,1993,326
40.315185,-111.735274,16.6,"SULFURIC ACID (1994 AND AFTER ACID AEROSOLS"" ONLY)""",5.0,1993,327
40.73416,-111.958,11.0,"SULFURIC ACID (1994 AND AFTER ACID AEROSOLS"" ONLY)""",3.0,1993,328
40.73416,-111.958,11.0,NICKEL,5.0,1993,328
41.10335,-112.03189,9.1,"SULFURIC ACID (1994 AND AFTER ACID AEROSOLS"" ONLY)""",24.0,1993,329
41.744977,-111.849247,10.0,LEAD,250.0,1993,330
41.744977,-111.849247,10.0,"SULFURIC ACID (1994 AND AFTER ACID AEROSOLS"" ONLY)""",1600.0,1993,330
40.77777800000001,-112.025,12.4,ETHYLENE OXIDE,11175.0,1993,331
40.736783,-111.96595,16.6,MOLYBDENUM TRIOXIDE,925.0,1993,332
41.20515,-112.01262,0.6,NAPHTHALENE,1796.0,1993,333
41.20515,-112.01262,0.6,FORMALDEHYDE,692.0,1993,333
40.78202,-112.01349,10.1,"SULFURIC ACID (1994 AND AFTER ACID AEROSOLS"" ONLY)""",2.0,1993,334
40.7889,-111.90441,30.5,BENZENE,980.0,1993,335
40.7889,-111.90441,30.5,ETHYLBENZENE,8.0,1993,335
40.726834,-112.186278,16.6,"SULFURIC ACID (1994 AND AFTER ACID AEROSOLS"" ONLY)""",5.0,1993,336
40.8249,-111.9238,22.6,ETHYLBENZENE,750.0,1993,337
40.8249,-111.9238,22.6,NAPHTHALENE,5.0,1993,337
40.8249,-111.9238,22.6,BENZENE,8500.0,1993,337
40.751116,-111.995572,10.5,FORMALDEHYDE,1432.0,1993,338
40.388555,-110.12491,10.7,CUMENE,190.0,1993,339
40.388555,-110.12491,10.7,NAPHTHALENE,44.0,1993,339
40.388555,-110.12491,10.7,BENZENE,3900.0,1993,339
40.388555,-110.12491,10.7,ETHYLBENZENE,260.0,1993,339
40.734036,-112.14104,36.7,"SULFURIC ACID (1994 AND AFTER ACID AEROSOLS"" ONLY)""",180000.0,1993,340
40.838386,-111.921443,53.6,NAPHTHALENE,48.0,1993,341
40.838386,-111.921443,53.6,BENZENE,393.0,1993,341
40.838386,-111.921443,53.6,ETHYLBENZENE,355.0,1993,341
41.663,-112.432,9.1,"1,4-DIOXANE",1600.0,1993,342
40.886022,-111.904759,15.8,ETHYLBENZENE,250.0,1993,343
40.886022,-111.904759,15.8,BENZENE,2682.0,1993,343
40.886022,-111.904759,15.8,NAPHTHALENE,250.0,1993,343
40.74800000000001,-111.958,12.2,NICKEL,2.0,1993,344
40.297058,-111.734076,29.0,LEAD,11.0,1993,345
40.297058,-111.734076,29.0,NICKEL,17.0,1993,345
40.72817,-111.88824,9.8,TETRACHLOROETHYLENE,9500.0,1993,346
40.78149000000001,-112.03622,10.8,"SULFURIC ACID (1994 AND AFTER ACID AEROSOLS"" ONLY)""",250.0,1993,347
40.78149000000001,-112.03622,10.8,FORMALDEHYDE,250.0,1993,347
41.8825,-112.1964,33.0,NICKEL,516.0,1993,348
41.8825,-112.1964,33.0,LEAD,2695.0,1993,348
40.199753,-111.631752,13.7,NICKEL,5.0,1993,349
40.86631,-111.91187,0.0,BENZENE,1627.0,1994,350
40.86631,-111.91187,0.0,ETHYLBENZENE,5.0,1994,350
40.7889,-111.90441,0.0,ETHYLBENZENE,1800.0,1994,351
40.7889,-111.90441,0.0,"1,3-BUTADIENE",240.0,1994,351
40.7889,-111.90441,0.0,BENZENE,6300.0,1994,351
40.72894,-111.95799,0.0,NICKEL,250.0,1994,352
40.734036,-112.14104,0.0,"SULFURIC ACID (1994 AND AFTER ACID AEROSOLS"" ONLY)""",22000.0,1994,353
40.726834,-112.186278,0.0,"SULFURIC ACID (1994 AND AFTER ACID AEROSOLS"" ONLY)""",5.0,1994,354
40.74203,-111.94455,0.0,"SULFURIC ACID (1994 AND AFTER ACID AEROSOLS"" ONLY)""",9.0,1994,355
40.70739,-111.89273,0.0,"SULFURIC ACID (1994 AND AFTER ACID AEROSOLS"" ONLY)""",5.0,1994,356
40.7889,-111.90441,30.5,BENZENE,1200.0,1994,357
40.86631,-111.91187,18.1,BENZENE,250.0,1994,358
40.86631,-111.91187,18.1,ETHYLBENZENE,5.0,1994,358
40.76498,-111.91061,0.0,NICKEL,5.0,1994,359
40.297058,-111.734076,0.0,STYRENE,43.0,1994,360
40.297058,-111.734076,0.0,BENZENE,6500.0,1994,360
40.297058,-111.734076,0.0,NICKEL,13.0,1994,360
40.297058,-111.734076,0.0,NAPHTHALENE,1600.0,1994,360
40.297058,-111.734076,0.0,LEAD,8.0,1994,360
40.297058,-111.734076,0.0,QUINOLINE,9.0,1994,360
40.58775,-111.96951,0.0,"SULFURIC ACID (1994 AND AFTER ACID AEROSOLS"" ONLY)""",729.0,1994,361
41.127622,-112.02051000000002,0.0,NAPHTHALENE,250.0,1994,362
41.127622,-112.02051000000002,0.0,DICHLOROMETHANE,5800.0,1994,362
41.127622,-112.02051000000002,0.0,METHYL ISOBUTYL KETONE,750.0,1994,362
41.127622,-112.02051000000002,0.0,LEAD,250.0,1994,362
41.127622,-112.02051000000002,0.0,ETHYLBENZENE,1000.0,1994,362
41.127622,-112.02051000000002,0.0,BENZENE,1100.0,1994,362
40.77777800000001,-112.025,12.4,ETHYLENE OXIDE,8175.0,1994,363
40.260787,-111.707982,0.0,NICKEL,17.0,1994,364
41.28534000000001,-112.02797,0.0,NICKEL,934.0,1994,365
40.78238,-111.9042,0.0,NICKEL,250.0,1994,366
40.64042,-111.90174,0.0,STYRENE,10482.0,1994,367
41.093219,-112.028221,0.0,STYRENE,4615.0,1994,368
41.093219,-112.028221,0.0,STYRENE,1904.0,1994,368
40.74211,-111.95802,0.0,STYRENE,45298.0,1994,369
40.18577,-111.63096000000002,0.0,NICKEL,166.0,1994,370
40.72351,-111.96924,0.0,STYRENE,15837.0,1994,371
40.8461,-111.92662,0.0,STYRENE,2400.0,1994,372
40.6791,-111.8883,0.0,STYRENE,13351.0,1994,373
40.297058,-111.734076,29.0,LEAD,9.0,1994,374
40.297058,-111.734076,29.0,NICKEL,15.0,1994,374
41.1016,-112.022469,15.2,NICKEL,750.0,1994,375
40.74800000000001,-111.958,12.2,NICKEL,5.0,1994,376
40.199753,-111.631752,13.7,NICKEL,10.0,1994,377
40.85952,-111.91183999999998,0.0,STYRENE,2700.0,1994,378
40.678081,-111.899716,0.0,NICKEL,250.0,1994,379
40.677996,-111.894597,0.0,NICKEL,750.0,1994,380
40.74800000000001,-111.958,0.0,NICKEL,5.0,1994,381
40.34431,-111.74253,0.0,"SULFURIC ACID (1994 AND AFTER ACID AEROSOLS"" ONLY)""",1034.0,1994,382
40.8249,-111.9238,0.0,NAPHTHALENE,107.0,1994,383
40.8249,-111.9238,0.0,"SULFURIC ACID (1994 AND AFTER ACID AEROSOLS"" ONLY)""",86.0,1994,383
40.8249,-111.9238,0.0,BENZENE,496.0,1994,383
40.8249,-111.9238,0.0,TETRACHLOROETHYLENE,58.0,1994,383
40.8249,-111.9238,0.0,"1,2-DIBROMOETHANE",29.0,1994,383
40.8249,-111.9238,0.0,"1,2-DICHLOROETHANE",58.0,1994,383
40.8249,-111.9238,0.0,ETHYLBENZENE,423.0,1994,383
40.886022,-111.904759,0.0,NAPHTHALENE,25.0,1994,384
40.886022,-111.904759,0.0,BENZENE,4417.0,1994,384
40.886022,-111.904759,0.0,ETHYLBENZENE,580.0,1994,384
40.838386,-111.921443,0.0,ETHYLBENZENE,250.0,1994,385
40.838386,-111.921443,0.0,BENZENE,1604.0,1994,385
40.838386,-111.921443,0.0,NAPHTHALENE,5.0,1994,385
40.233755,-111.658456,0.0,NAPHTHALENE,124.0,1994,386
40.233755,-111.658456,0.0,STYRENE,48.0,1994,386
40.233755,-111.658456,0.0,BENZENE,236.0,1994,386
40.233755,-111.658456,0.0,CREOSOTE,382.0,1994,386
40.51956,-111.89072,0.0,METHYL ISOBUTYL KETONE,19.0,1994,387
40.51956,-111.89072,0.0,NAPHTHALENE,1.0,1994,387
40.51956,-111.89072,0.0,ETHYLBENZENE,37.0,1994,387
40.71326,-111.91711,0.0,NICKEL,250.0,1994,388
40.81676,-111.92468,0.0,NICKEL,250.0,1994,389
40.388555,-110.12491,10.7,BENZENE,2900.0,1994,390
40.388555,-110.12491,10.7,CUMENE,120.0,1994,390
40.388555,-110.12491,10.7,NAPHTHALENE,29.0,1994,390
40.388555,-110.12491,10.7,ETHYLBENZENE,170.0,1994,390
40.653604,-112.054074,22.5,"1,4-DIOXANE",15241.0,1994,391
40.653604,-112.054074,22.5,DICHLOROMETHANE,579600.0,1994,391
40.7523,-111.9045,0.0,METHYL ISOBUTYL KETONE,300.0,1994,392
41.260369,-112.231233,0.0,METHYL ISOBUTYL KETONE,750.0,1994,393
37.116571,-113.56025,0.0,METHYL ISOBUTYL KETONE,1317.0,1994,394
40.76511,-111.92799,0.0,NICKEL,250.0,1994,395
41.1016,-112.022469,0.0,NICKEL,1799.0,1994,396
40.78413,-111.87219,0.0,"2,4-D",1.0,1994,397
40.8249,-111.9238,22.6,BENZENE,6733.0,1994,398
40.8249,-111.9238,22.6,NAPHTHALENE,3.0,1994,398
40.8249,-111.9238,22.6,ETHYLBENZENE,915.0,1994,398
40.84191,-111.92756,0.0,"SULFURIC ACID (1994 AND AFTER ACID AEROSOLS"" ONLY)""",250.0,1994,399
40.734036,-112.14104,36.7,"SULFURIC ACID (1994 AND AFTER ACID AEROSOLS"" ONLY)""",130000.0,1994,400
40.78149000000001,-112.03622,10.8,FORMALDEHYDE,250.0,1994,401
40.78149000000001,-112.03622,10.8,"SULFURIC ACID (1994 AND AFTER ACID AEROSOLS"" ONLY)""",750.0,1994,401
41.067451,-111.988452,14.5,"SULFURIC ACID (1994 AND AFTER ACID AEROSOLS"" ONLY)""",250.0,1994,402
41.876796,-112.191024,17.8,"SULFURIC ACID (1994 AND AFTER ACID AEROSOLS"" ONLY)""",250.0,1994,403
40.315185,-111.735274,16.6,"SULFURIC ACID (1994 AND AFTER ACID AEROSOLS"" ONLY)""",5.0,1994,404
37.794865,-113.112675,0.0,"SULFURIC ACID (1994 AND AFTER ACID AEROSOLS"" ONLY)""",250.0,1994,405
40.233755,-111.658456,7.6,CREOSOTE,1912.0,1994,406
40.233755,-111.658456,7.6,BENZENE,1179.0,1994,406
40.233755,-111.658456,7.6,STYRENE,240.0,1994,406
40.233755,-111.658456,7.6,NAPHTHALENE,620.0,1994,406
40.838386,-111.921443,53.6,BENZENE,441.0,1994,407
40.838386,-111.921443,53.6,NAPHTHALENE,5.0,1994,407
40.838386,-111.921443,53.6,ETHYLBENZENE,5.0,1994,407
40.886022,-111.904759,15.8,BENZENE,1814.0,1994,408
40.886022,-111.904759,15.8,ETHYLBENZENE,683.0,1994,408
40.886022,-111.904759,15.8,NAPHTHALENE,14.0,1994,408
40.668325,-112.091908,0.0,DICHLOROMETHANE,7740.0,1994,409
40.668325,-112.091908,0.0,"1,4-DIOXANE",1835.0,1994,409
40.69384,-111.89586,0.0,DICHLOROMETHANE,7540.0,1994,410
40.73416,-111.958,11.0,"SULFURIC ACID (1994 AND AFTER ACID AEROSOLS"" ONLY)""",5.0,1994,411
40.58775,-111.96951,12.5,"SULFURIC ACID (1994 AND AFTER ACID AEROSOLS"" ONLY)""",186.0,1994,412
41.10335,-112.03189,9.1,"SULFURIC ACID (1994 AND AFTER ACID AEROSOLS"" ONLY)""",27.0,1994,413
37.115022,-113.51761100000002,0.0,COBALT,250.0,1994,414
37.115022,-113.51761100000002,0.0,COBALT,250.0,1994,414
40.73516,-111.91114,8.8,METHYL ISOBUTYL KETONE,21862.0,1994,415
40.74578,-111.96385,8.2,METHYL ISOBUTYL KETONE,25000.0,1994,416
40.57565,-112.02104,7.0,METHYL ISOBUTYL KETONE,20000.0,1994,417
37.116571,-113.56025,8.2,METHYL ISOBUTYL KETONE,11852.0,1994,418
41.260369,-112.231233,11.8,METHYL ISOBUTYL KETONE,250.0,1994,419
40.640035,-111.90184,0.8,METHYL ISOBUTYL KETONE,35000.0,1994,420
40.7523,-111.9045,9.1,METHYL ISOBUTYL KETONE,10400.0,1994,421
40.220029,-112.749599,3.0,BENZENE,36.0,1994,422
40.220029,-112.749599,3.0,NAPHTHALENE,1.0,1994,422
40.220029,-112.749599,3.0,ETHYLBENZENE,6.0,1994,422
40.72817,-111.88824,9.8,TETRACHLOROETHYLENE,6809.0,1994,423
41.663,-112.432,0.0,"1,4-DIOXANE",800.0,1994,424
41.663,-112.432,9.1,"1,4-DIOXANE",20.0,1994,425
41.744977,-111.849247,10.0,"SULFURIC ACID (1994 AND AFTER ACID AEROSOLS"" ONLY)""",1600.0,1994,426
41.744977,-111.849247,10.0,LEAD,250.0,1994,426
40.726834,-112.186278,16.6,"SULFURIC ACID (1994 AND AFTER ACID AEROSOLS"" ONLY)""",5.0,1994,427
40.51956,-111.89072,8.2,METHYL ISOBUTYL KETONE,366.0,1994,428
40.51956,-111.89072,8.2,NAPHTHALENE,16.0,1994,428
40.51956,-111.89072,8.2,ETHYLBENZENE,699.0,1994,428
40.70739,-111.89273,10.1,"SULFURIC ACID (1994 AND AFTER ACID AEROSOLS"" ONLY)""",5.0,1994,429
40.388555,-110.12491,0.0,BENZENE,1400.0,1994,430
40.388555,-110.12491,0.0,NAPHTHALENE,30.0,1994,430
40.388555,-110.12491,0.0,CUMENE,11.0,1994,430
40.388555,-110.12491,0.0,ETHYLBENZENE,56.0,1994,430
40.74203,-111.94455,17.6,"SULFURIC ACID (1994 AND AFTER ACID AEROSOLS"" ONLY)""",206.0,1994,431
41.20515,-112.01262,0.6,NAPHTHALENE,1313.0,1994,432
41.744977,-111.849247,0.0,LEAD,5.0,1994,433
41.744977,-111.849247,0.0,"SULFURIC ACID (1994 AND AFTER ACID AEROSOLS"" ONLY)""",250.0,1994,433
41.10335,-112.03189,0.0,"SULFURIC ACID (1994 AND AFTER ACID AEROSOLS"" ONLY)""",5.0,1994,434
40.736783,-111.96595,0.0,MOLYBDENUM TRIOXIDE,250.0,1994,435
41.127622,-112.02051000000002,3.0,ETHYLBENZENE,250.0,1994,436
41.127622,-112.02051000000002,3.0,METHYL ISOBUTYL KETONE,15000.0,1994,436
41.127622,-112.02051000000002,3.0,BENZENE,250.0,1994,436
41.127622,-112.02051000000002,3.0,LEAD,5.0,1994,436
41.127622,-112.02051000000002,3.0,NAPHTHALENE,250.0,1994,436
41.127622,-112.02051000000002,3.0,DICHLOROMETHANE,71000.0,1994,436
40.73416,-111.958,0.0,"SULFURIC ACID (1994 AND AFTER ACID AEROSOLS"" ONLY)""",5.0,1994,437
40.315185,-111.735274,0.0,"SULFURIC ACID (1994 AND AFTER ACID AEROSOLS"" ONLY)""",5.0,1994,438
41.067451,-111.988452,0.0,"SULFURIC ACID (1994 AND AFTER ACID AEROSOLS"" ONLY)""",250.0,1994,439
41.876796,-112.191024,0.0,"SULFURIC ACID (1994 AND AFTER ACID AEROSOLS"" ONLY)""",250.0,1994,440
40.69384,-111.89586,15.2,STYRENE,28251.0,1994,441
40.1856,-111.630954,9.4,STYRENE,3300.0,1994,442
40.8461,-111.92662,10.7,STYRENE,480.0,1994,443
40.77777800000001,-112.025,0.0,ETHYLENE OXIDE,2524.0,1994,444
40.129722,-111.644444,0.0,"SULFURIC ACID (1994 AND AFTER ACID AEROSOLS"" ONLY)""",5.0,1994,445
40.736783,-111.96595,16.6,MOLYBDENUM TRIOXIDE,250.0,1994,446
40.78149000000001,-112.03622,0.0,"SULFURIC ACID (1994 AND AFTER ACID AEROSOLS"" ONLY)""",250.0,1994,447
40.78149000000001,-112.03622,0.0,FORMALDEHYDE,250.0,1994,447
40.76511,-111.92799,0.0,NICKEL,250.0,1995,448
40.199753,-111.631752,13.7,NICKEL,5.0,1995,449
40.734036,-112.14104,0.0,"SULFURIC ACID (1994 AND AFTER ACID AEROSOLS"" ONLY)""",8200.0,1995,450
37.115022,-113.51761100000002,0.0,COBALT,250.0,1995,451
37.115022,-113.51761100000002,0.0,COBALT,250.0,1995,451
41.1016,-112.022469,15.2,NICKEL,3.0,1995,452
40.677996,-111.894597,0.0,NICKEL,750.0,1995,453
40.297058,-111.734076,29.0,BENZENE,200.0,1995,454
40.297058,-111.734076,29.0,LEAD,26.0,1995,454
40.297058,-111.734076,29.0,NICKEL,10.0,1995,454
40.297058,-111.734076,29.0,CADMIUM,1.0,1995,454
41.663,-112.432,0.0,"1,4-DIOXANE",7200.0,1995,455
40.78135,-112.01149,10.1,"SULFURIC ACID (1994 AND AFTER ACID AEROSOLS"" ONLY)""",5.0,1995,456
40.77777800000001,-112.025,12.4,ETHYLENE OXIDE,8070.0,1995,457
40.77777800000001,-112.025,0.0,ETHYLENE OXIDE,2923.0,1995,458
40.8249,-111.9238,22.6,BENZENE,4000.0,1995,459
40.8249,-111.9238,22.6,NAPHTHALENE,250.0,1995,459
40.8249,-111.9238,22.6,"1,3-BUTADIENE",5.0,1995,459
40.8249,-111.9238,22.6,CUMENE,5.0,1995,459
40.8249,-111.9238,22.6,ETHYLBENZENE,750.0,1995,459
40.51956,-111.89072,8.2,CUMENE,25.0,1995,460
40.51956,-111.89072,8.2,METHYL ISOBUTYL KETONE,420.0,1995,460
40.51956,-111.89072,8.2,NAPHTHALENE,61.0,1995,460
40.51956,-111.89072,8.2,FORMALDEHYDE,39.0,1995,460
40.51956,-111.89072,8.2,ETHYLBENZENE,378.0,1995,460
41.744977,-111.849247,10.0,"SULFURIC ACID (1994 AND AFTER ACID AEROSOLS"" ONLY)""",1800.0,1995,461
41.744977,-111.849247,10.0,LEAD,250.0,1995,461
41.876796,-112.191024,17.8,"SULFURIC ACID (1994 AND AFTER ACID AEROSOLS"" ONLY)""",250.0,1995,462
41.876796,-112.191024,0.0,"SULFURIC ACID (1994 AND AFTER ACID AEROSOLS"" ONLY)""",250.0,1995,463
41.127622,-112.02051000000002,3.0,DICHLOROMETHANE,95000.0,1995,464
41.127622,-112.02051000000002,3.0,METHYL ISOBUTYL KETONE,16000.0,1995,464
40.734036,-112.14104,36.7,"SULFURIC ACID (1994 AND AFTER ACID AEROSOLS"" ONLY)""",62000.0,1995,465
41.127622,-112.02051000000002,0.0,METHYL ISOBUTYL KETONE,750.0,1995,466
41.127622,-112.02051000000002,0.0,DICHLOROMETHANE,5000.0,1995,466
40.653604,-112.054074,0.0,"1,4-DIOXANE",4.0,1995,467
40.653604,-112.054074,0.0,DICHLOROMETHANE,2772.0,1995,467
40.69384,-111.89586,0.0,STYRENE,21698.0,1995,468
40.69384,-111.89586,0.0,DICHLOROMETHANE,9900.0,1995,468
41.744977,-111.849247,0.0,"SULFURIC ACID (1994 AND AFTER ACID AEROSOLS"" ONLY)""",250.0,1995,469
41.744977,-111.849247,0.0,LEAD,5.0,1995,469
40.74203,-111.94455,17.6,"SULFURIC ACID (1994 AND AFTER ACID AEROSOLS"" ONLY)""",312.0,1995,470
40.653604,-112.054074,22.5,DICHLOROMETHANE,287960.0,1995,471
40.653604,-112.054074,22.5,"1,4-DIOXANE",5872.0,1995,471
41.21583,-112.0183,8.0,NICKEL,75.0,1995,472
40.7523,-111.9045,0.0,METHYL ISOBUTYL KETONE,500.0,1995,473
40.233755,-111.658456,0.0,STYRENE,26.0,1995,474
40.233755,-111.658456,0.0,BENZENE,1103.0,1995,474
40.233755,-111.658456,0.0,NAPHTHALENE,250.0,1995,474
40.233755,-111.658456,0.0,CREOSOTE,433.0,1995,474
40.1856,-111.630954,9.4,STYRENE,29900.0,1995,475
40.640035,-111.90184,0.0,METHYL ISOBUTYL KETONE,30.0,1995,476
40.838386,-111.921443,0.0,ETHYLBENZENE,250.0,1995,477
40.838386,-111.921443,0.0,BENZENE,4321.0,1995,477
40.86631,-111.91187,0.0,ETHYLBENZENE,1.0,1995,478
40.86631,-111.91187,0.0,BENZENE,1600.0,1995,478
41.260369,-112.231233,0.0,METHYL ISOBUTYL KETONE,250.0,1995,479
37.116571,-113.56025,0.0,METHYL ISOBUTYL KETONE,8207.0,1995,480
40.7889,-111.90441,0.0,"1,3-BUTADIENE",130.0,1995,481
40.7889,-111.90441,0.0,BENZENE,1800.0,1995,481
40.7889,-111.90441,0.0,ETHYLBENZENE,560.0,1995,481
40.297058,-111.734076,0.0,CADMIUM,1.0,1995,482
40.297058,-111.734076,0.0,QUINOLINE,14.0,1995,482
40.297058,-111.734076,0.0,NAPHTHALENE,2300.0,1995,482
40.297058,-111.734076,0.0,NICKEL,19.0,1995,482
40.297058,-111.734076,0.0,LEAD,27.0,1995,482
40.297058,-111.734076,0.0,BENZENE,15000.0,1995,482
40.297058,-111.734076,0.0,STYRENE,23.0,1995,482
40.8461,-111.92662,10.7,STYRENE,600.0,1995,483
40.678081,-111.899716,0.0,ETHYLBENZENE,12291.0,1995,484
40.736783,-111.96595,16.6,MOLYBDENUM TRIOXIDE,250.0,1995,485
40.886022,-111.904759,0.0,NAPHTHALENE,13.0,1995,486
40.886022,-111.904759,0.0,ETHYLBENZENE,752.0,1995,486
40.886022,-111.904759,0.0,BENZENE,4160.0,1995,486
41.20515,-112.01262,0.6,NAPHTHALENE,679.0,1995,487
40.886022,-111.904759,15.8,ETHYLBENZENE,249.0,1995,488
40.886022,-111.904759,15.8,BENZENE,2324.0,1995,488
40.886022,-111.904759,15.8,NAPHTHALENE,18.0,1995,488
40.233755,-111.658456,7.6,STYRENE,130.0,1995,489
40.233755,-111.658456,7.6,BENZENE,5513.0,1995,489
40.233755,-111.658456,7.6,CREOSOTE,2167.0,1995,489
40.233755,-111.658456,7.6,NAPHTHALENE,1241.0,1995,489
40.751116,-111.995572,10.5,FORMALDEHYDE,41000.0,1995,490
40.78149000000001,-112.03622,10.8,FORMALDEHYDE,657.0,1995,491
40.22207,-111.65204,0.0,ETHYLBENZENE,14714.0,1995,492
40.78202,-112.01349,10.1,FORMALDEHYDE,296.0,1995,493
40.78202,-112.01349,0.0,FORMALDEHYDE,68.0,1995,494
40.86631,-111.91187,18.1,ETHYLBENZENE,5.0,1995,495
40.86631,-111.91187,18.1,BENZENE,250.0,1995,495
40.78149000000001,-112.03622,0.0,FORMALDEHYDE,73.0,1995,496
40.736783,-111.96595,0.0,MOLYBDENUM TRIOXIDE,250.0,1995,497
41.663,-112.432,9.1,"1,4-DIOXANE",1800.0,1995,498
40.22424,-111.64927,0.0,NICKEL,5.0,1995,499
40.260787,-111.707982,0.0,NICKEL,6.0,1995,500
40.73416,-111.958,0.0,NICKEL,5.0,1995,501
41.260369,-112.231233,11.8,METHYL ISOBUTYL KETONE,250.0,1995,502
40.8249,-111.9238,0.0,NAPHTHALENE,250.0,1995,503
40.8249,-111.9238,0.0,CUMENE,250.0,1995,503
40.8249,-111.9238,0.0,ETHYLBENZENE,250.0,1995,503
40.8249,-111.9238,0.0,"1,3-BUTADIENE",250.0,1995,503
40.8249,-111.9238,0.0,BENZENE,750.0,1995,503
40.51956,-111.89072,0.0,FORMALDEHYDE,2.0,1995,504
40.51956,-111.89072,0.0,CUMENE,1.0,1995,504
40.51956,-111.89072,0.0,METHYL ISOBUTYL KETONE,22.0,1995,504
40.51956,-111.89072,0.0,ETHYLBENZENE,20.0,1995,504
40.51956,-111.89072,0.0,NAPHTHALENE,3.0,1995,504
40.74211,-111.95802,0.0,STYRENE,45298.0,1995,505
40.8461,-111.92662,0.0,STYRENE,2200.0,1995,506
40.7889,-111.90441,30.5,BENZENE,1400.0,1995,507
40.7889,-111.90441,30.5,STYRENE,10.0,1995,507
40.7889,-111.90441,30.5,ETHYLBENZENE,290.0,1995,507
40.640035,-111.90184,0.8,METHYL ISOBUTYL KETONE,39000.0,1995,508
40.7523,-111.9045,9.1,METHYL ISOBUTYL KETONE,10000.0,1995,509
40.57565,-112.02104,7.0,METHYL ISOBUTYL KETONE,29000.0,1995,510
40.74578,-111.96385,8.2,METHYL ISOBUTYL KETONE,28000.0,1995,511
40.558887,-112.049164,10.6,METHYL ISOBUTYL KETONE,460.0,1995,512
40.6791,-111.8883,0.0,STYRENE,12704.0,1995,513
40.72351,-111.96924,0.0,STYRENE,7120.0,1995,514
40.73516,-111.91114,8.8,METHYL ISOBUTYL KETONE,28568.0,1995,515
40.73516,-111.91114,8.8,ETHYLBENZENE,10156.0,1995,515
40.736783,-111.96595,0.0,MOLYBDENUM TRIOXIDE,250.0,1996,516
40.1856,-111.630954,9.4,STYRENE,8380.0,1996,517
40.8461,-111.92662,10.7,STYRENE,600.0,1996,518
40.8461,-111.92662,10.7,ETHYLBENZENE,1000.0,1996,518
40.199753,-111.631752,13.7,NICKEL,6.0,1996,519
40.736783,-111.96595,16.6,MOLYBDENUM TRIOXIDE,250.0,1996,520
41.260369,-112.231233,0.0,METHYL ISOBUTYL KETONE,750.0,1996,521
40.640035,-111.90184,0.0,METHYL ISOBUTYL KETONE,330.0,1996,522
40.7523,-111.9045,0.0,METHYL ISOBUTYL KETONE,200.0,1996,523
40.69384,-111.89586,0.0,STYRENE,27057.0,1996,524
40.69384,-111.89586,0.0,DICHLOROMETHANE,10000.0,1996,524
41.127622,-112.02051000000002,0.0,DICHLOROMETHANE,3700.0,1996,525
41.127622,-112.02051000000002,0.0,METHYL ISOBUTYL KETONE,390.0,1996,525
40.653604,-112.054074,0.0,DICHLOROMETHANE,355.0,1996,526
41.260369,-112.231233,11.8,METHYL ISOBUTYL KETONE,250.0,1996,527
40.640035,-111.90184,0.8,METHYL ISOBUTYL KETONE,22000.0,1996,528
40.7523,-111.9045,9.1,METHYL ISOBUTYL KETONE,13800.0,1996,529
40.77777800000001,-112.025,0.0,ETHYLENE OXIDE,2680.0,1996,530
40.57565,-112.02104,7.0,METHYL ISOBUTYL KETONE,29000.0,1996,531
40.558887,-112.049164,10.6,METHYL ISOBUTYL KETONE,460.0,1996,532
40.73516,-111.91114,8.8,METHYL ISOBUTYL KETONE,28585.0,1996,533
40.73516,-111.91114,8.8,ETHYLBENZENE,1649.0,1996,533
40.78135,-112.01149,10.1,"SULFURIC ACID (1994 AND AFTER ACID AEROSOLS"" ONLY)""",900.0,1996,534
40.734036,-112.14104,36.7,"SULFURIC ACID (1994 AND AFTER ACID AEROSOLS"" ONLY)""",66000.0,1996,535
40.883209,-111.906241,9.8,ETHYLBENZENE,198.0,1996,536
41.20515,-112.01262,0.6,NAPHTHALENE,936.0,1996,537
40.883209,-111.906241,0.0,ETHYLBENZENE,401.0,1996,538
40.886022,-111.904759,15.8,NAPHTHALENE,11.0,1996,539
40.886022,-111.904759,15.8,BENZENE,2151.0,1996,539
40.886022,-111.904759,15.8,ETHYLBENZENE,429.0,1996,539
40.233755,-111.658456,7.6,NAPHTHALENE,1313.0,1996,540
40.233755,-111.658456,7.6,CREOSOTE,2147.0,1996,540
40.233755,-111.658456,7.6,BENZENE,3056.0,1996,540
40.233755,-111.658456,7.6,STYRENE,112.0,1996,540
40.74578,-111.96385,8.2,METHYL ISOBUTYL KETONE,11000.0,1996,541
40.734036,-112.14104,0.0,"SULFURIC ACID (1994 AND AFTER ACID AEROSOLS"" ONLY)""",7500.0,1996,542
40.78149000000001,-112.03622,0.0,FORMALDEHYDE,100.0,1996,543
40.751116,-111.995572,0.0,FORMALDEHYDE,780.0,1996,544
40.77777800000001,-112.025,12.4,ETHYLENE OXIDE,7397.0,1996,545
40.297058,-111.734076,0.0,NAPHTHALENE,2200.0,1996,546
40.297058,-111.734076,0.0,CADMIUM,1.0,1996,546
40.297058,-111.734076,0.0,NICKEL,18.0,1996,546
40.297058,-111.734076,0.0,LEAD,30.0,1996,546
40.297058,-111.734076,0.0,BENZENE,15000.0,1996,546
40.297058,-111.734076,0.0,STYRENE,8.0,1996,546
40.886022,-111.904759,0.0,NAPHTHALENE,13.0,1996,547
40.886022,-111.904759,0.0,"1,3-BUTADIENE",232.0,1996,547
40.886022,-111.904759,0.0,ETHYLBENZENE,787.0,1996,547
40.886022,-111.904759,0.0,BENZENE,4319.0,1996,547
40.838386,-111.921443,0.0,BENZENE,5010.0,1996,548
40.838386,-111.921443,0.0,TETRACHLOROETHYLENE,114.0,1996,548
40.838386,-111.921443,0.0,ETHYLBENZENE,222.0,1996,548
40.838386,-111.921443,0.0,NAPHTHALENE,28.0,1996,548
40.233755,-111.658456,0.0,NAPHTHALENE,263.0,1996,549
40.233755,-111.658456,0.0,CREOSOTE,429.0,1996,549
40.233755,-111.658456,0.0,STYRENE,22.0,1996,549
40.233755,-111.658456,0.0,BENZENE,611.0,1996,549
40.653604,-112.054074,22.5,DICHLOROMETHANE,77505.0,1996,550
41.127622,-112.02051000000002,3.0,DICHLOROMETHANE,71000.0,1996,551
41.127622,-112.02051000000002,3.0,LEAD,11.0,1996,551
41.127622,-112.02051000000002,3.0,METHYL ISOBUTYL KETONE,7400.0,1996,551
40.8461,-111.92662,0.0,STYRENE,2200.0,1996,552
40.6791,-111.8883,0.0,STYRENE,10111.0,1996,553
40.78135,-112.01149,0.0,"SULFURIC ACID (1994 AND AFTER ACID AEROSOLS"" ONLY)""",5.0,1996,554
40.74211,-111.95802,0.0,STYRENE,31314.0,1996,555
41.21583,-112.0183,0.0,TRICHLOROETHYLENE,10443.0,1996,556
37.115022,-113.51761100000002,0.0,COBALT,250.0,1996,557
37.115022,-113.51761100000002,0.0,COBALT,250.0,1996,557
40.297058,-111.734076,29.0,BENZENE,85.0,1996,558
40.297058,-111.734076,29.0,CADMIUM,1.0,1996,558
40.297058,-111.734076,29.0,NICKEL,19.0,1996,558
40.297058,-111.734076,29.0,LEAD,41.0,1996,558
41.532156,-112.058002,0.0,NICKEL,1.0,1996,559
40.72894,-111.95799,0.0,NICKEL,7.0,1996,560
40.677996,-111.894597,0.0,NICKEL,36578.0,1996,561
40.22424,-111.64927,0.0,NICKEL,5.0,1996,562
40.76511,-111.92799,0.0,NICKEL,250.0,1996,563
41.21583,-112.0183,8.0,NICKEL,45.0,1996,564
40.779239,-111.956039,0.0,TRICHLOROETHYLENE,19181.0,1996,565
41.744977,-111.849247,0.0,LEAD,5.0,1996,566
41.744977,-111.849247,0.0,FORMALDEHYDE,5.0,1996,566
41.744977,-111.849247,10.0,LEAD,250.0,1996,567
41.744977,-111.849247,10.0,FORMALDEHYDE,750.0,1996,567
40.86631,-111.91187,0.0,BENZENE,250.0,1996,568
40.86631,-111.91187,0.0,ETHYLBENZENE,42.0,1996,568
40.86631,-111.91187,0.0,NAPHTHALENE,2200.0,1996,568
40.86631,-111.91187,0.0,CUMENE,6.0,1996,568
40.78202,-112.01349,0.0,FORMALDEHYDE,33.0,1996,569
40.8249,-111.9238,0.0,ETHYLBENZENE,250.0,1996,570
40.8249,-111.9238,0.0,NAPHTHALENE,250.0,1996,570
40.8249,-111.9238,0.0,BENZENE,750.0,1996,570
40.8249,-111.9238,0.0,"1,3-BUTADIENE",55.0,1996,570
40.8249,-111.9238,0.0,CUMENE,250.0,1996,570
40.7889,-111.90441,0.0,CUMENE,5.0,1996,571
40.7889,-111.90441,0.0,NAPHTHALENE,250.0,1996,571
40.7889,-111.90441,0.0,"SULFURIC ACID (1994 AND AFTER ACID AEROSOLS"" ONLY)""",250.0,1996,571
40.7889,-111.90441,0.0,BENZENE,6300.0,1996,571
40.7889,-111.90441,0.0,"1,3-BUTADIENE",200.0,1996,571
40.7889,-111.90441,0.0,ETHYLBENZENE,2500.0,1996,571
41.1016,-112.022469,15.2,NICKEL,4.0,1996,572
40.751116,-111.995572,10.5,FORMALDEHYDE,15540.0,1996,573
40.78202,-112.01349,10.1,FORMALDEHYDE,145.0,1996,574
40.260787,-111.707982,0.0,NICKEL,289.0,1996,575
40.72351,-111.96924,0.0,STYRENE,5107.0,1996,576
40.86631,-111.91187,18.1,ETHYLBENZENE,240.0,1996,577
40.86631,-111.91187,18.1,NAPHTHALENE,20.0,1996,577
40.86631,-111.91187,18.1,CUMENE,7.0,1996,577
40.86631,-111.91187,18.1,BENZENE,380.0,1996,577
40.8249,-111.9238,22.6,ETHYLBENZENE,750.0,1996,578
40.8249,-111.9238,22.6,"1,3-BUTADIENE",5.0,1996,578
40.8249,-111.9238,22.6,BENZENE,4100.0,1996,578
40.8249,-111.9238,22.6,CUMENE,5.0,1996,578
40.8249,-111.9238,22.6,NAPHTHALENE,250.0,1996,578
40.7889,-111.90441,30.5,CUMENE,5.0,1996,579
40.7889,-111.90441,30.5,NAPHTHALENE,250.0,1996,579
40.7889,-111.90441,30.5,"SULFURIC ACID (1994 AND AFTER ACID AEROSOLS"" ONLY)""",150000.0,1996,579
40.7889,-111.90441,30.5,ETHYLBENZENE,212.0,1996,579
40.7889,-111.90441,30.5,BENZENE,2016.0,1996,579
40.78149000000001,-112.03622,10.8,FORMALDEHYDE,960.0,1996,580
40.78149000000001,-112.03622,0.0,FORMALDEHYDE,88.0,1997,581
40.78202,-112.01349,0.0,FORMALDEHYDE,35.0,1997,582
40.751116,-111.995572,0.0,FORMALDEHYDE,560.0,1997,583
41.744977,-111.849247,0.0,FORMALDEHYDE,250.0,1997,584
40.779239,-111.956039,15.2,TRICHLOROETHYLENE,15881.0,1997,585
40.736783,-111.96595,0.0,MOLYBDENUM TRIOXIDE,250.0,1997,586
40.233755,-111.658456,7.6,STYRENE,188.0,1997,587
40.233755,-111.658456,7.6,BENZENE,4259.0,1997,587
40.233755,-111.658456,7.6,CREOSOTE,2821.0,1997,587
40.233755,-111.658456,7.6,NAPHTHALENE,3195.0,1997,587
40.22424,-111.64927,0.0,NICKEL,250.0,1997,588
40.86631,-111.91187,18.1,BENZENE,300.0,1997,589
40.86631,-111.91187,18.1,ETHYLBENZENE,190.0,1997,589
40.86631,-111.91187,18.1,NAPHTHALENE,12.0,1997,589
40.71342,-111.8997,0.0,LEAD,250.0,1997,590
40.76511,-111.92799,0.0,NICKEL,250.0,1997,591
40.72894,-111.95799,0.0,NICKEL,5.0,1997,592
40.260787,-111.707982,0.0,NICKEL,140.0,1997,593
40.838386,-111.921443,0.0,ETHYLBENZENE,197.0,1997,594
40.838386,-111.921443,0.0,BENZENE,4129.0,1997,594
40.838386,-111.921443,0.0,TETRACHLOROETHYLENE,169.0,1997,594
40.886022,-111.904759,15.8,NAPHTHALENE,8.0,1997,595
40.886022,-111.904759,15.8,ETHYLBENZENE,267.0,1997,595
40.886022,-111.904759,15.8,BENZENE,1467.0,1997,595
41.29741,-112.00716,0.0,LEAD,5.0,1997,596
40.7889,-111.90441,30.5,CUMENE,250.0,1997,597
40.7889,-111.90441,30.5,"SULFURIC ACID (1994 AND AFTER ACID AEROSOLS"" ONLY)""",110000.0,1997,597
40.7889,-111.90441,30.5,NAPHTHALENE,250.0,1997,597
40.7889,-111.90441,30.5,ETHYLBENZENE,360.0,1997,597
40.7889,-111.90441,30.5,BENZENE,2500.0,1997,597
40.886022,-111.904759,0.0,NAPHTHALENE,8.0,1997,598
40.886022,-111.904759,0.0,ETHYLBENZENE,856.0,1997,598
40.886022,-111.904759,0.0,"1,3-BUTADIENE",232.0,1997,598
40.886022,-111.904759,0.0,BENZENE,4355.0,1997,598
40.8249,-111.9238,22.6,NAPHTHALENE,31.0,1997,599
40.8249,-111.9238,22.6,BENZENE,4900.0,1997,599
40.8249,-111.9238,22.6,ETHYLBENZENE,780.0,1997,599
40.8249,-111.9238,22.6,"1,3-BUTADIENE",4.0,1997,599
40.8249,-111.9238,22.6,CUMENE,26.0,1997,599
40.77777800000001,-112.025,12.4,ETHYLENE OXIDE,7800.0,1997,600
41.127622,-112.02051000000002,3.0,DICHLOROMETHANE,55000.0,1997,601
41.127622,-112.02051000000002,3.0,LEAD,200.0,1997,601
40.653604,-112.054074,22.5,DICHLOROMETHANE,47747.0,1997,602
40.883209,-111.906241,9.8,ETHYLBENZENE,230.0,1997,603
40.297058,-111.734076,29.0,BENZENE,1300.0,1997,604
40.297058,-111.734076,29.0,LEAD,23.0,1997,604
40.297058,-111.734076,29.0,NICKEL,13.0,1997,604
40.297058,-111.734076,29.0,CADMIUM,1.0,1997,604
41.1016,-112.022469,15.2,NICKEL,5.0,1997,605
40.199753,-111.631752,13.7,NICKEL,6.0,1997,606
41.21583,-112.0183,8.0,NICKEL,41.0,1997,607
40.8249,-111.9238,0.0,NAPHTHALENE,100.0,1997,608
40.8249,-111.9238,0.0,CUMENE,34.0,1997,608
40.8249,-111.9238,0.0,"1,3-BUTADIENE",12.0,1997,608
40.8249,-111.9238,0.0,BENZENE,690.0,1997,608
40.8249,-111.9238,0.0,ETHYLBENZENE,550.0,1997,608
41.21583,-112.0183,0.0,TRICHLOROETHYLENE,12960.0,1997,609
40.78135,-112.01149,0.0,"SULFURIC ACID (1994 AND AFTER ACID AEROSOLS"" ONLY)""",5.0,1997,610
40.7889,-111.90441,0.0,"1,3-BUTADIENE",11.0,1997,611
40.7889,-111.90441,0.0,BENZENE,1700.0,1997,611
40.7889,-111.90441,0.0,"SULFURIC ACID (1994 AND AFTER ACID AEROSOLS"" ONLY)""",250.0,1997,611
40.7889,-111.90441,0.0,NAPHTHALENE,250.0,1997,611
40.7889,-111.90441,0.0,CUMENE,5.0,1997,611
40.7889,-111.90441,0.0,ETHYLBENZENE,250.0,1997,611
40.8461,-111.92662,0.0,STYRENE,5743.0,1997,612
40.233755,-111.658456,0.0,CREOSOTE,151.0,1997,613
40.233755,-111.658456,0.0,NAPHTHALENE,66.0,1997,613
40.233755,-111.658456,0.0,BENZENE,266.0,1997,613
40.233755,-111.658456,0.0,STYRENE,11.0,1997,613
40.751116,-111.995572,10.5,FORMALDEHYDE,10580.0,1997,614
40.86631,-111.91187,0.0,ETHYLBENZENE,600.0,1997,615
40.86631,-111.91187,0.0,BENZENE,1600.0,1997,615
40.86631,-111.91187,0.0,NAPHTHALENE,740.0,1997,615
40.297058,-111.734076,0.0,LEAD,26.0,1997,616
40.297058,-111.734076,0.0,NICKEL,19.0,1997,616
40.297058,-111.734076,0.0,BENZENE,13000.0,1997,616
40.297058,-111.734076,0.0,NAPHTHALENE,2000.0,1997,616
40.297058,-111.734076,0.0,CADMIUM,1.0,1997,616
40.297058,-111.734076,0.0,STYRENE,13.0,1997,616
40.78202,-112.01349,10.1,FORMALDEHYDE,152.0,1997,617
41.29741,-112.00716,12.2,LEAD,5.0,1997,618
40.71342,-111.8997,10.2,LEAD,5.0,1997,619
41.744977,-111.849247,10.0,FORMALDEHYDE,250.0,1997,620
41.744977,-111.849247,10.0,LEAD,250.0,1997,620
40.78149000000001,-112.03622,10.8,FORMALDEHYDE,795.0,1997,621
40.74211,-111.95802,0.0,STYRENE,22051.0,1997,622
40.6791,-111.8883,0.0,STYRENE,8552.0,1997,623
40.734036,-112.14104,0.0,"SULFURIC ACID (1994 AND AFTER ACID AEROSOLS"" ONLY)""",1200.0,1997,624
40.69384,-111.89586,15.2,DICHLOROMETHANE,10000.0,1997,625
40.69384,-111.89586,15.2,STYRENE,24469.0,1997,625
40.640035,-111.90184,0.8,METHYL ISOBUTYL KETONE,7800.0,1997,626
40.73516,-111.91114,8.8,METHYL ISOBUTYL KETONE,4748.0,1997,627
40.73516,-111.91114,8.8,ETHYLBENZENE,1250.0,1997,627
41.260369,-112.231233,0.0,METHYL ISOBUTYL KETONE,750.0,1997,628
40.640035,-111.90184,0.0,METHYL ISOBUTYL KETONE,96.0,1997,629
40.558887,-112.049164,10.6,METHYL ISOBUTYL KETONE,460.0,1997,630
40.57565,-112.02104,7.0,METHYL ISOBUTYL KETONE,31000.0,1997,631
40.736783,-111.96595,16.6,MOLYBDENUM TRIOXIDE,250.0,1997,632
41.260369,-112.231233,11.8,METHYL ISOBUTYL KETONE,250.0,1997,633
40.734036,-112.14104,36.7,"SULFURIC ACID (1994 AND AFTER ACID AEROSOLS"" ONLY)""",81000.0,1997,634
40.77777800000001,-112.025,0.0,ETHYLENE OXIDE,305.0,1997,635
40.8461,-111.92662,10.7,STYRENE,11487.0,1997,636
40.78135,-112.01149,10.1,"SULFURIC ACID (1994 AND AFTER ACID AEROSOLS"" ONLY)""",750.0,1997,637
40.69354000000001,-111.9112,9.4,STYRENE,42.0,1997,638
41.127622,-112.02051000000002,0.0,DICHLOROMETHANE,2900.0,1997,639
40.653604,-112.054074,0.0,DICHLOROMETHANE,513.0,1997,640
40.883209,-111.906241,0.0,ETHYLBENZENE,468.0,1997,641
40.69384,-111.89586,9.4,STYRENE,2380.0,1997,642
40.86162,-111.90596,0.0,ETHYLBENZENE,5.0,1998,643
40.86162,-111.90596,0.0,CUMENE,5.0,1998,643
40.86162,-111.90596,0.0,BENZENE,250.0,1998,643
40.78149000000001,-112.03622,10.8,FORMALDEHYDE,934.0,1998,644
40.883209,-111.906241,0.0,ETHYLBENZENE,718.0,1998,645
40.7523,-111.9045,9.1,METHYL ISOBUTYL KETONE,11300.0,1998,646
40.7523,-111.9045,9.1,TETRACHLOROETHYLENE,7250.0,1998,646
40.838386,-111.921443,0.0,ETHYLBENZENE,146.0,1998,647
40.838386,-111.921443,0.0,TETRACHLOROETHYLENE,177.0,1998,647
40.838386,-111.921443,0.0,BENZENE,4076.0,1998,647
40.6791,-111.8883,0.0,STYRENE,8423.0,1998,648
40.7889,-111.90441,0.0,"1,3-BUTADIENE",15.0,1998,649
40.7889,-111.90441,0.0,ETHYLBENZENE,250.0,1998,649
40.7889,-111.90441,0.0,"SULFURIC ACID (1994 AND AFTER ACID AEROSOLS"" ONLY)""",250.0,1998,649
40.7889,-111.90441,0.0,BENZENE,250.0,1998,649
40.7889,-111.90441,0.0,CUMENE,5.0,1998,649
40.7889,-111.90441,0.0,NAPHTHALENE,250.0,1998,649
40.736783,-111.96595,0.0,MOLYBDENUM TRIOXIDE,250.0,1998,650
40.751116,-111.995572,10.5,FORMALDEHYDE,13819.0,1998,651
40.57565,-112.02104,7.0,METHYL ISOBUTYL KETONE,30702.0,1998,652
40.69354000000001,-111.9112,9.4,STYRENE,2566.0,1998,653
40.8249,-111.9238,22.6,BENZENE,3300.0,1998,654
40.8249,-111.9238,22.6,ETHYLBENZENE,330.0,1998,654
40.8249,-111.9238,22.6,"1,3-BUTADIENE",250.0,1998,654
40.8249,-111.9238,22.6,NAPHTHALENE,221.0,1998,654
40.86631,-111.91187,18.1,ETHYLBENZENE,450.0,1998,655
40.86631,-111.91187,18.1,BENZENE,2100.0,1998,655
40.86631,-111.91187,18.1,NAPHTHALENE,27.0,1998,655
40.8461,-111.92662,10.7,STYRENE,9697.0,1998,656
40.886022,-111.904759,15.8,NAPHTHALENE,7.0,1998,657
40.886022,-111.904759,15.8,BENZENE,825.0,1998,657
40.886022,-111.904759,15.8,ETHYLBENZENE,120.0,1998,657
40.71342,-111.8997,10.2,LEAD,5.0,1998,658
40.233755,-111.658456,7.6,BENZENE,4837.0,1998,659
40.233755,-111.658456,7.6,NAPHTHALENE,6996.0,1998,659
40.233755,-111.658456,7.6,CREOSOTE,9295.0,1998,659
40.233755,-111.658456,7.6,STYRENE,204.0,1998,659
41.744977,-111.849247,0.0,FORMALDEHYDE,250.0,1998,660
41.260369,-112.231233,11.8,METHYL ISOBUTYL KETONE,11000.0,1998,661
40.751116,-111.995572,0.0,FORMALDEHYDE,727.0,1998,662
40.736783,-111.96595,16.6,MOLYBDENUM TRIOXIDE,250.0,1998,663
40.883209,-111.906241,9.8,ETHYLBENZENE,353.0,1998,664
40.7523,-111.9045,0.0,TETRACHLOROETHYLENE,120.0,1998,665
40.7523,-111.9045,0.0,METHYL ISOBUTYL KETONE,600.0,1998,665
40.73516,-111.91114,8.8,ETHYLBENZENE,1444.0,1998,666
40.73516,-111.91114,8.8,METHYL ISOBUTYL KETONE,7522.0,1998,666
40.8461,-111.92662,0.0,STYRENE,4156.0,1998,667
40.74211,-111.95802,0.0,STYRENE,32792.0,1998,668
41.744977,-111.849247,10.0,FORMALDEHYDE,250.0,1998,669
40.69384,-111.89586,9.4,STYRENE,4729.0,1998,670
40.78149000000001,-112.03622,0.0,FORMALDEHYDE,103.0,1998,671
40.779239,-111.956039,15.2,TRICHLOROETHYLENE,12037.0,1998,672
40.299754,-111.733916,0.0,DICHLOROMETHANE,1579.0,1998,673
40.71342,-111.8997,0.0,LEAD,5.0,1998,674
40.77777800000001,-112.025,12.4,ETHYLENE OXIDE,9600.0,1998,675
40.86162,-111.90596,9.2,CUMENE,250.0,1998,676
40.86162,-111.90596,9.2,BENZENE,750.0,1998,676
40.86162,-111.90596,9.2,ETHYLBENZENE,250.0,1998,676
40.7889,-111.90441,30.5,ETHYLBENZENE,320.0,1998,677
40.7889,-111.90441,30.5,"SULFURIC ACID (1994 AND AFTER ACID AEROSOLS"" ONLY)""",130000.0,1998,677
40.7889,-111.90441,30.5,NAPHTHALENE,11.0,1998,677
40.7889,-111.90441,30.5,CUMENE,5.0,1998,677
40.7889,-111.90441,30.5,BENZENE,2500.0,1998,677
40.7889,-111.90441,30.5,"1,3-BUTADIENE",16.0,1998,677
39.173145,-111.029389,182.9,"SULFURIC ACID (1994 AND AFTER ACID AEROSOLS"" ONLY)""",130000.0,1998,678
40.734036,-112.14104,0.0,"SULFURIC ACID (1994 AND AFTER ACID AEROSOLS"" ONLY)""",1200.0,1998,679
40.78135,-112.01149,0.0,"SULFURIC ACID (1994 AND AFTER ACID AEROSOLS"" ONLY)""",5.0,1998,680
37.68505,-113.10175,0.0,"SULFURIC ACID (1994 AND AFTER ACID AEROSOLS"" ONLY)""",250.0,1998,681
40.516667,-112.15,0.0,"SULFURIC ACID (1994 AND AFTER ACID AEROSOLS"" ONLY)""",1100.0,1998,682
41.260369,-112.231233,0.0,METHYL ISOBUTYL KETONE,750.0,1998,683
41.29741,-112.00716,12.2,LEAD,5.0,1998,684
37.68505,-113.10175,9.1,"SULFURIC ACID (1994 AND AFTER ACID AEROSOLS"" ONLY)""",250.0,1998,685
39.5103,-112.5804,217.6,"SULFURIC ACID (1994 AND AFTER ACID AEROSOLS"" ONLY)""",8500.0,1998,686
40.0864,-109.2844,182.9,"SULFURIC ACID (1994 AND AFTER ACID AEROSOLS"" ONLY)""",4258.0,1998,687
40.0864,-109.2844,182.9,LEAD,33.0,1998,687
40.77777800000001,-112.025,0.0,ETHYLENE OXIDE,360.0,1998,688
40.78135,-112.01149,10.1,"SULFURIC ACID (1994 AND AFTER ACID AEROSOLS"" ONLY)""",750.0,1998,689
39.46657,-112.438488,12.5,"SULFURIC ACID (1994 AND AFTER ACID AEROSOLS"" ONLY)""",4100.0,1998,690
40.734036,-112.14104,36.7,"SULFURIC ACID (1994 AND AFTER ACID AEROSOLS"" ONLY)""",100000.0,1998,691
39.54764,-110.39079,76.2,"SULFURIC ACID (1994 AND AFTER ACID AEROSOLS"" ONLY)""",44704.0,1998,692
40.653604,-112.054074,0.0,DICHLOROMETHANE,482.0,1998,693
41.127622,-112.02051000000002,0.0,DICHLOROMETHANE,1700.0,1998,694
39.38149,-111.079394,182.9,"SULFURIC ACID (1994 AND AFTER ACID AEROSOLS"" ONLY)""",38000.0,1998,695
41.127622,-112.02051000000002,3.0,LEAD,360.0,1998,696
41.127622,-112.02051000000002,3.0,DICHLOROMETHANE,31000.0,1998,696
40.653604,-112.054074,22.5,DICHLOROMETHANE,2580.0,1998,697
40.7344,-112.9681,35.6,EPICHLOROHYDRIN,3.0,1998,698
40.7344,-112.9681,35.6,DICHLOROMETHANE,8.0,1998,698
40.7344,-112.9681,35.6,POLYCHLORINATED BIPHENYLS,10.0,1998,698
41.29741,-112.00716,0.0,LEAD,5.0,1998,699
40.825001,-113.208334,0.0,MOLYBDENUM TRIOXIDE,3.0,1998,700
40.825001,-113.208334,0.0,POLYCHLORINATED BIPHENYLS,7.0,1998,700
40.825001,-113.208334,0.0,LEAD,8.0,1998,700
40.260787,-111.707982,0.0,COBALT,18.0,1998,701
40.260787,-111.707982,0.0,COBALT,18.0,1998,701
40.260787,-111.707982,0.0,NICKEL,147.0,1998,701
40.297058,-111.734076,0.0,NICKEL,16.0,1998,702
40.297058,-111.734076,0.0,COBALT,1.0,1998,702
40.297058,-111.734076,0.0,CADMIUM,1.0,1998,702
40.297058,-111.734076,0.0,LEAD,20.0,1998,702
40.297058,-111.734076,0.0,BENZENE,25000.0,1998,702
40.297058,-111.734076,0.0,NAPHTHALENE,1900.0,1998,702
40.297058,-111.734076,0.0,STYRENE,100.0,1998,702
40.297058,-111.734076,0.0,COBALT,1.0,1998,702
40.8249,-111.9238,0.0,BENZENE,420.0,1998,703
40.8249,-111.9238,0.0,NAPHTHALENE,110.0,1998,703
40.8249,-111.9238,0.0,ETHYLBENZENE,320.0,1998,703
40.8249,-111.9238,0.0,"1,3-BUTADIENE",12.0,1998,703
40.22424,-111.64927,0.0,NICKEL,5.0,1998,704
40.72894,-111.95799,0.0,NICKEL,5.0,1998,705
41.532156,-112.058002,0.0,NICKEL,5.0,1998,706
40.86631,-111.91187,0.0,NAPHTHALENE,260.0,1998,707
40.86631,-111.91187,0.0,BENZENE,750.0,1998,707
40.86631,-111.91187,0.0,ETHYLBENZENE,150.0,1998,707
40.886022,-111.904759,0.0,BENZENE,4297.0,1998,708
40.886022,-111.904759,0.0,NAPHTHALENE,8.0,1998,708
40.886022,-111.904759,0.0,"1,3-BUTADIENE",4.0,1998,708
40.886022,-111.904759,0.0,ETHYLBENZENE,781.0,1998,708
40.233755,-111.658456,0.0,NAPHTHALENE,66.0,1998,709
40.233755,-111.658456,0.0,BENZENE,266.0,1998,709
40.233755,-111.658456,0.0,STYRENE,11.0,1998,709
40.233755,-111.658456,0.0,CREOSOTE,151.0,1998,709
40.299754,-111.733916,14.6,DICHLOROMETHANE,6316.0,1998,710
40.53199,-111.89628,11.3,DI(2-ETHYLHEXYL) PHTHALATE,3.0,1998,711
40.53199,-111.89628,11.3,DI(2-ETHYLHEXYL) PHTHALATE,3.0,1998,711
40.7344,-112.9681,0.0,DICHLOROMETHANE,54.0,1998,712
40.7344,-112.9681,0.0,PENTACHLOROPHENOL,17.0,1998,712
40.7344,-112.9681,0.0,CREOSOTE,2.0,1998,712
40.7344,-112.9681,0.0,EPICHLOROHYDRIN,28.0,1998,712
40.7344,-112.9681,0.0,POLYCHLORINATED BIPHENYLS,205.0,1998,712
40.7344,-112.9681,0.0,FORMALDEHYDE,2.0,1998,712
40.7344,-112.9681,0.0,CHLOROFORM,7.0,1998,712
40.7344,-112.9681,0.0,TRICHLOROETHYLENE,3.0,1998,712
40.7344,-112.9681,0.0,BENZENE,8.0,1998,712
40.7344,-112.9681,0.0,TETRACHLOROETHYLENE,1.0,1998,712
41.2239,-111.98935,0.0,DICHLOROMETHANE,114.0,1998,713
41.2239,-111.98935,0.0,DIETHANOLAMINE,4.0,1998,713
41.2239,-111.98935,0.0,TETRACHLOROETHYLENE,2.0,1998,713
41.2239,-111.98935,0.0,TRICHLOROETHYLENE,10.0,1998,713
41.21583,-112.0183,0.0,TRICHLOROETHYLENE,11790.0,1998,714
41.21583,-112.0183,8.0,NICKEL,41.0,1998,715
40.199753,-111.631752,13.7,NICKEL,7.0,1998,716
41.1016,-112.022469,15.2,NICKEL,1.0,1998,717
40.297058,-111.734076,29.0,NICKEL,8.0,1998,718
40.297058,-111.734076,29.0,CADMIUM,1.0,1998,718
40.297058,-111.734076,29.0,BENZENE,1800.0,1998,718
40.297058,-111.734076,29.0,LEAD,12.0,1998,718
40.69384,-111.89586,15.2,STYRENE,58639.0,1998,719
40.69384,-111.89586,15.2,DICHLOROMETHANE,12920.0,1998,719
41.260369,-112.231233,0.0,METHYL ISOBUTYL KETONE,1000.0,1999,720
39.163098,-111.805647,0.0,STYRENE,5700.0,1999,721
40.8461,-111.92662,0.0,STYRENE,3305.0,1999,722
40.6791,-111.8883,0.0,STYRENE,8774.0,1999,723
40.7889,-111.90441,30.5,ETHYLBENZENE,330.0,1999,724
40.7889,-111.90441,30.5,"SULFURIC ACID (1994 AND AFTER ACID AEROSOLS"" ONLY)""",150000.0,1999,724
40.7889,-111.90441,30.5,CUMENE,5.0,1999,724
40.7889,-111.90441,30.5,NAPHTHALENE,11.0,1999,724
40.7889,-111.90441,30.5,"1,3-BUTADIENE",31.0,1999,724
40.7889,-111.90441,30.5,BENZENE,2700.0,1999,724
40.74211,-111.95802,0.0,STYRENE,30202.0,1999,725
40.86162,-111.90596,9.2,CUMENE,216.0,1999,726
40.86162,-111.90596,9.2,BENZENE,669.0,1999,726
40.86162,-111.90596,9.2,ETHYLBENZENE,115.0,1999,726
40.8249,-111.9238,22.6,ETHYLBENZENE,920.0,1999,727
40.8249,-111.9238,22.6,CUMENE,112.0,1999,727
40.8249,-111.9238,22.6,NAPHTHALENE,130.0,1999,727
40.8249,-111.9238,22.6,"1,3-BUTADIENE",9.0,1999,727
40.8249,-111.9238,22.6,LEAD,5.0,1999,727
40.8249,-111.9238,22.6,BENZENE,1700.0,1999,727
37.68505,-113.10175,0.0,"SULFURIC ACID (1994 AND AFTER ACID AEROSOLS"" ONLY)""",250.0,1999,728
40.751116,-111.995572,0.0,FORMALDEHYDE,735.0,1999,729
40.653604,-112.054074,22.5,DICHLOROMETHANE,250.0,1999,730
40.299754,-111.733916,14.6,DICHLOROMETHANE,9139.0,1999,731
40.299754,-111.733916,14.6,"N,N-DIMETHYLFORMAMIDE",34.0,1999,731
40.69384,-111.89586,15.2,DICHLOROMETHANE,13947.0,1999,732
40.69384,-111.89586,15.2,STYRENE,35925.0,1999,732
40.297058,-111.734076,29.0,NICKEL,8.0,1999,733
40.297058,-111.734076,29.0,LEAD,10.0,1999,733
40.297058,-111.734076,29.0,BENZENE,780.0,1999,733
40.199753,-111.631752,13.7,NICKEL,7.0,1999,734
41.21583,-112.0183,8.0,NICKEL,41.0,1999,735
41.21583,-112.0183,0.0,TRICHLOROETHYLENE,10785.0,1999,736
40.7344,-112.9681,0.0,EPICHLOROHYDRIN,5.0,1999,737
40.7344,-112.9681,0.0,METHYL ISOBUTYL KETONE,250.0,1999,737
40.7344,-112.9681,0.0,TETRACHLOROETHYLENE,5.0,1999,737
40.7344,-112.9681,0.0,CHLOROFORM,5.0,1999,737
40.7344,-112.9681,0.0,BENZENE,250.0,1999,737
40.7344,-112.9681,0.0,DICHLOROMETHANE,250.0,1999,737
40.7344,-112.9681,0.0,TRICHLOROETHYLENE,5.0,1999,737
41.2239,-111.98935,0.0,DIETHANOLAMINE,2.0,1999,738
41.2239,-111.98935,0.0,DICHLOROMETHANE,134.0,1999,738
41.2239,-111.98935,0.0,TRICHLOROETHYLENE,7.0,1999,738
40.825001,-113.208334,0.0,POLYCHLORINATED BIPHENYLS,3.0,1999,739
40.825001,-113.208334,0.0,BENZENE,3.0,1999,739
40.825001,-113.208334,0.0,CREOSOTE,1.0,1999,739
40.825001,-113.208334,0.0,PENTACHLOROPHENOL,1.0,1999,739
40.233755,-111.658456,0.0,NAPHTHALENE,66.0,1999,740
40.233755,-111.658456,0.0,CREOSOTE,151.0,1999,740
40.233755,-111.658456,0.0,BENZENE,266.0,1999,740
40.233755,-111.658456,0.0,STYRENE,11.0,1999,740
40.86631,-111.91187,0.0,BENZENE,210.0,1999,741
40.86631,-111.91187,0.0,ETHYLBENZENE,23.0,1999,741
40.86631,-111.91187,0.0,NAPHTHALENE,8.0,1999,741
40.886022,-111.904759,0.0,"1,3-BUTADIENE",6.0,1999,742
40.886022,-111.904759,0.0,BENZENE,2583.0,1999,742
40.886022,-111.904759,0.0,NAPHTHALENE,16.0,1999,742
40.886022,-111.904759,0.0,ETHYLBENZENE,910.0,1999,742
40.297058,-111.734076,0.0,NAPHTHALENE,1700.0,1999,743
40.297058,-111.734076,0.0,CADMIUM,1.0,1999,743
40.297058,-111.734076,0.0,NICKEL,15.0,1999,743
40.297058,-111.734076,0.0,LEAD,16.0,1999,743
40.297058,-111.734076,0.0,STYRENE,79.0,1999,743
40.297058,-111.734076,0.0,BENZENE,21000.0,1999,743
41.29741,-112.00716,12.2,LEAD,5.0,1999,744
40.71342,-111.8997,10.2,LEAD,5.0,1999,745
40.7889,-111.90441,0.0,"1,3-BUTADIENE",6.0,1999,746
40.7889,-111.90441,0.0,BENZENE,750.0,1999,746
40.7889,-111.90441,0.0,"SULFURIC ACID (1994 AND AFTER ACID AEROSOLS"" ONLY)""",250.0,1999,746
40.7889,-111.90441,0.0,NAPHTHALENE,250.0,1999,746
40.7889,-111.90441,0.0,CUMENE,5.0,1999,746
40.7889,-111.90441,0.0,ETHYLBENZENE,250.0,1999,746
40.8249,-111.9238,0.0,ETHYLBENZENE,780.0,1999,747
40.8249,-111.9238,0.0,"1,3-BUTADIENE",21.0,1999,747
40.8249,-111.9238,0.0,BENZENE,680.0,1999,747
40.8249,-111.9238,0.0,NAPHTHALENE,150.0,1999,747
40.8249,-111.9238,0.0,CUMENE,64.0,1999,747
40.86162,-111.90596,0.0,CUMENE,5.0,1999,748
40.86162,-111.90596,0.0,BENZENE,250.0,1999,748
40.86162,-111.90596,0.0,ETHYLBENZENE,5.0,1999,748
40.78149000000001,-112.03622,10.8,FORMALDEHYDE,934.0,1999,749
40.751116,-111.995572,10.5,FORMALDEHYDE,13963.0,1999,750
40.883209,-111.906241,9.8,ETHYLBENZENE,307.0,1999,751
40.69354000000001,-111.9112,9.4,STYRENE,2892.0,1999,752
40.69384,-111.89586,9.4,STYRENE,2570.0,1999,753
40.8461,-111.92662,10.7,STYRENE,12481.0,1999,754
41.744977,-111.849247,10.0,FORMALDEHYDE,250.0,1999,755
40.73516,-111.91114,8.8,METHYL ISOBUTYL KETONE,750.0,1999,756
41.260369,-112.231233,11.8,METHYL ISOBUTYL KETONE,16000.0,1999,757
40.736783,-111.96595,16.6,MOLYBDENUM TRIOXIDE,250.0,1999,758
41.127622,-112.02051000000002,3.0,LEAD,12.0,1999,759
41.127622,-112.02051000000002,3.0,DICHLOROMETHANE,44000.0,1999,759
40.77777800000001,-112.025,12.4,ETHYLENE OXIDE,10300.0,1999,760
39.173145,-111.029389,182.9,"SULFURIC ACID (1994 AND AFTER ACID AEROSOLS"" ONLY)""",56000.0,1999,761
37.68505,-113.10175,9.1,"SULFURIC ACID (1994 AND AFTER ACID AEROSOLS"" ONLY)""",250.0,1999,762
40.78149000000001,-112.03622,0.0,FORMALDEHYDE,103.0,1999,763
40.886022,-111.904759,15.8,ETHYLBENZENE,153.0,1999,764
40.886022,-111.904759,15.8,BENZENE,440.0,1999,764
40.886022,-111.904759,15.8,NAPHTHALENE,59.0,1999,764
40.838386,-111.921443,0.0,BENZENE,4740.0,1999,765
40.838386,-111.921443,0.0,TETRACHLOROETHYLENE,173.0,1999,765
40.838386,-111.921443,0.0,ETHYLBENZENE,210.0,1999,765
40.86631,-111.91187,18.1,NAPHTHALENE,123.0,1999,766
40.86631,-111.91187,18.1,BENZENE,1200.0,1999,766
40.86631,-111.91187,18.1,ETHYLBENZENE,160.0,1999,766
40.233755,-111.658456,7.6,BENZENE,4831.0,1999,767
40.233755,-111.658456,7.6,NAPHTHALENE,6667.0,1999,767
40.233755,-111.658456,7.6,CREOSOTE,9043.0,1999,767
40.233755,-111.658456,7.6,STYRENE,202.0,1999,767
41.29741,-112.00716,0.0,LEAD,5.0,1999,768
40.779239,-111.956039,15.2,TRICHLOROETHYLENE,15374.0,1999,769
40.7344,-112.9681,35.6,TRICHLOROETHYLENE,5.0,1999,770
40.7344,-112.9681,35.6,DICHLOROMETHANE,250.0,1999,770
40.7344,-112.9681,35.6,BENZENE,5.0,1999,770
40.7344,-112.9681,35.6,CHLOROFORM,5.0,1999,770
40.7344,-112.9681,35.6,EPICHLOROHYDRIN,5.0,1999,770
40.7344,-112.9681,35.6,METHYL ISOBUTYL KETONE,5.0,1999,770
40.7344,-112.9681,35.6,TETRACHLOROETHYLENE,5.0,1999,770
40.7344,-112.9681,35.6,POLYCHLORINATED BIPHENYLS,5.0,1999,770
40.72894,-111.95799,0.0,NICKEL,5.0,1999,771
40.76498,-111.91061,0.0,NICKEL,5.0,1999,772
40.7563,-111.904121,0.0,NICKEL,250.0,1999,773
40.76511,-111.92799,0.0,NICKEL,250.0,1999,774
41.532156,-112.058002,0.0,NICKEL,5.0,1999,775
40.260787,-111.707982,0.0,COBALT,14.0,1999,776
40.260787,-111.707982,0.0,COBALT,14.0,1999,776
40.260787,-111.707982,0.0,NICKEL,112.0,1999,776
40.736783,-111.96595,0.0,MOLYBDENUM TRIOXIDE,250.0,1999,777
40.299754,-111.733916,0.0,DICHLOROMETHANE,2285.0,1999,778
40.299754,-111.733916,0.0,"N,N-DIMETHYLFORMAMIDE",9.0,1999,778
41.127622,-112.02051000000002,0.0,DICHLOROMETHANE,2400.0,1999,779
40.77777800000001,-112.025,0.0,ETHYLENE OXIDE,400.0,1999,780
40.516667,-112.15,0.0,"SULFURIC ACID (1994 AND AFTER ACID AEROSOLS"" ONLY)""",750.0,1999,781
40.53199,-111.89628,11.3,DI(2-ETHYLHEXYL) PHTHALATE,5.0,1999,782
40.53199,-111.89628,11.3,DI(2-ETHYLHEXYL) PHTHALATE,5.0,1999,782
40.58775,-111.96951,0.0,"SULFURIC ACID (1994 AND AFTER ACID AEROSOLS"" ONLY)""",31.0,1999,783
40.78135,-112.01149,0.0,"SULFURIC ACID (1994 AND AFTER ACID AEROSOLS"" ONLY)""",5.0,1999,784
40.734036,-112.14104,0.0,"SULFURIC ACID (1994 AND AFTER ACID AEROSOLS"" ONLY)""",1200.0,1999,785
39.46657,-112.438488,12.5,"SULFURIC ACID (1994 AND AFTER ACID AEROSOLS"" ONLY)""",10000.0,1999,786
40.734036,-112.14104,36.7,"SULFURIC ACID (1994 AND AFTER ACID AEROSOLS"" ONLY)""",31000.0,1999,787
40.78135,-112.01149,10.1,"SULFURIC ACID (1994 AND AFTER ACID AEROSOLS"" ONLY)""",750.0,1999,788
40.58775,-111.96951,12.5,"SULFURIC ACID (1994 AND AFTER ACID AEROSOLS"" ONLY)""",5926.0,1999,789
40.0864,-109.2844,182.9,"SULFURIC ACID (1994 AND AFTER ACID AEROSOLS"" ONLY)""",11630.0,1999,790
39.5103,-112.5804,217.6,"SULFURIC ACID (1994 AND AFTER ACID AEROSOLS"" ONLY)""",8300.0,1999,791
39.38149,-111.079394,182.9,"SULFURIC ACID (1994 AND AFTER ACID AEROSOLS"" ONLY)""",38000.0,1999,792
40.653604,-112.054074,0.0,DICHLOROMETHANE,250.0,1999,793
40.883209,-111.906241,0.0,ETHYLBENZENE,623.0,1999,794
